"","model","type","netCombo","baseline","CONS.s1","CONS.s2","CONS.s3","CONS.ASOC.Sex","CONS.ASOC.Age","CONS.SOCIAL.Sex","CONS.SOCIAL.Age","CONS.A.S.Sex","CONS.A.S.Age","OFFs1","OFFs2","OFFs3","OFFASOC.Sex","OFFASOC.Age","OFFSOCIAL.Sex","OFFSOCIAL.Age","OFFA.S.Sex","OFFA.S.Age","convergence","loglik","s1","s2","s3","ASOCIALSex","ASOCIALAge","SOCIALSex","SOCIALAge","SEs1","SEs2","SEs3","SEasocialSex","SEasocialAge","SEsocialSex","SEsocialAge","aic","aicc","deltaAICc","RelSupport","AkaikeWeight"
"111",111,"socialEffectsOnly","0:1:0",NA,0,1,0,0,0,2,0,0,0,0,0,0,0,0,0,0,0,0,TRUE,287.332334329382,0,941.865073037922,0,0,0,-0.500347023137385,0,0,1827.49860416148,0,0,0,0.243293196044342,0,578.664668658765,578.838581702243,0,1,0.196453224965732
"79",79,"unconstrained","0:1:0",NA,0,1,0,2,0,3,0,0,0,0,0,0,0,0,0,0,0,0,FALSE,286.747637726876,0,2305068.04570762,0,8.3330325731464,0,-0.509663793849227,0,0,NA,0,NA,0,NA,0,579.495275453752,579.848216630222,1.0096349279795,0.603615746981773,0.118582260134669
"126",126,"noILVs","0:1:0",NA,0,1,0,0,0,0,0,0,0,0,0,0,0,0,0,0,0,0,TRUE,289.462291901206,0,742.293656962794,0,0,0,0,0,0,1438.54501145975,0,0,0,0,0,580.924583802412,580.981726659554,2.14314495731162,0.342469567700823,0.0672792510274468
"75",75,"socialEffectsOnly","0:1:0",NA,0,1,0,0,0,2,3,0,0,0,0,0,0,0,0,0,0,0,TRUE,287.322072253675,0,25222.3712396305,0,0,0,-0.50749303024513,-0.00165434070404701,0,NA,0,0,0,NA,NA,580.644144507351,580.997085683821,2.15850398157852,0.339849641254608,0.0667645580279147
"82",82,"socialEffectsOnly","0:1:2",NA,0,1,2,0,0,3,0,0,0,0,0,0,0,0,0,0,0,0,TRUE,287.332334329382,0,941.865073037922,0,0,0,-0.500347023137385,0,0,NA,NA,0,0,0.241110424083245,0,580.664668658765,581.017609835235,2.17902813299236,0.336379912267624,0.0660829185786647
"96",96,"socialEffectsOnly","1:2:0",NA,1,2,0,0,0,3,0,0,0,0,0,0,0,0,0,0,0,0,TRUE,287.332334329385,0,941.8626638466,0,0,0,-0.500346605078901,0,32.9075997547117,1827.79363977105,0,0,0,0.243310777567753,0,580.664668658769,581.01760983524,2.1790281329969,0.336379912266859,0.0660829185785145
"36",36,"unconstrained","0:1:0",NA,0,1,0,2,0,3,4,0,0,0,0,0,0,0,0,0,0,0,FALSE,286.737554449287,0,51525250.5888911,0,8.23926579062629,0,-0.516581312891441,-0.00160141052923237,0,NA,0,NA,0,NA,NA,581.475108898574,582.072123823947,3.23354212170466,0.198538734702305,0.0390035747128836
"113",113,"additive","0:1:0",NA,0,1,0,2,0,0,0,0,0,0,0,0,0,0,0,0,0,0,FALSE,288.950342677974,0,7776618.29017881,0,9.55255892911635,0,0,0,0,NA,0,NA,0,0,0,581.900685355949,582.074598399427,3.23601669718403,0.198293237066931,0.0389553459106931
"43",43,"unconstrained","0:1:2",NA,0,1,2,3,0,4,0,0,0,0,0,0,0,0,0,0,0,0,FALSE,286.747637726876,0,2305068.04570762,0,8.3330325731464,0,-0.509663793849227,0,0,NA,NA,NA,0,NA,0,581.495275453752,582.092290379125,3.25370867688207,0.196546872653604,0.0386122669897296
"59",59,"unconstrained","1:2:0",NA,1,2,0,3,0,4,0,0,0,0,0,0,0,0,0,0,0,0,FALSE,286.77899894642,161484.653299429,2663080.26110703,0,8.47327831317238,0,-0.504360060756432,0,NA,NA,0,NA,0,0.244373867715561,0,581.55799789284,582.155012818214,3.31643111597077,0.19047857498981,0.0374201303436253
"110",110,"socialEffectsOnly","0:1:0",NA,0,1,0,0,0,0,2,0,0,0,0,0,0,0,0,0,0,0,TRUE,289.426526438255,0,2.13320092953068,0,0,0,0,0.00294847107268079,0,47.2612120585912,0,0,0,0,0.0111144259270272,582.85305287651,583.026965919989,4.18838421774581,0.123169711185884,0.0241970869805646
"120",120,"noILVs","1:2:0",NA,1,2,0,0,0,0,0,0,0,0,0,0,0,0,0,0,0,0,TRUE,289.447369948138,49.4020460035392,739.492680198691,0,0,0,0,0,311.987374764467,1435.54236407352,0,0,0,0,0,582.894739896275,583.068652939754,4.23007123751086,0.120628992822044,0.0236979546642586
"114",114,"noILVs","0:1:2",NA,0,1,2,0,0,0,0,0,0,0,0,0,0,0,0,0,0,0,TRUE,289.462291901206,0,742.293656962794,0,0,0,0,0,0,NA,NA,0,0,0,0,582.924583802412,583.09849684589,4.25991514364705,0.118842336009049,0.0233469601714388
"39",39,"socialEffectsOnly","0:1:2",NA,0,1,2,0,0,3,4,0,0,0,0,0,0,0,0,0,0,0,TRUE,287.32207225361,0,25214.7701812098,0,0,0,-0.507492313752821,-0.001654179651723,0,11726.2938386053,NA,0,0,0.242871281431087,0.000578722324829198,582.644144507219,583.241159432592,4.40257773034955,0.110660440022371,0.0217396003185218
"55",55,"socialEffectsOnly","1:2:0",NA,1,2,0,0,0,3,4,0,0,0,0,0,0,0,0,0,0,0,TRUE,287.32207225361,0,25214.980196374,0,0,0,-0.507492324050275,-0.00165418189190695,NA,NA,0,0,0,NA,NA,582.644144507221,583.241159432594,4.40257773035103,0.11066044002229,0.0217396003185058
"62",62,"socialEffectsOnly","1:2:3",NA,1,2,3,0,0,4,0,0,0,0,0,0,0,0,0,0,0,0,TRUE,287.332334329385,0,941.8626638466,0,0,0,-0.500346605078901,0,32.8279622117913,NA,NA,0,0,0.241163171254353,0,582.664668658769,583.261683584142,4.42310188189947,0.109530641157281,0.0215176476879122
"78",78,"unconstrained","0:1:0",NA,0,1,0,2,0,0,3,0,0,0,0,0,0,0,0,0,0,0,FALSE,288.912263369507,0,9602.52516367239,0,8.93207633242342,0,0,0.00306399826007131,0,NA,0,NA,0,0,NA,583.824526739014,584.177467915485,5.33888621324218,0.0692908021556938,0.0136124015439485
"98",98,"additive","1:2:0",NA,1,2,0,3,0,0,0,0,0,0,0,0,0,0,0,0,0,0,FALSE,288.935258601227,867230.588326461,12169590.2655594,0,9.99977228011243,0,0,0,NA,NA,0,NA,0,0,0,583.870517202454,584.223458378925,5.3848766766821,0.067715624303606,0.0133029527750113
"84",84,"additive","0:1:2",NA,0,1,2,3,0,0,0,0,0,0,0,0,0,0,0,0,0,0,FALSE,288.950342677974,0,7776618.29017881,0,9.55255892911635,0,0,0,0,NA,NA,NA,0,0,0,583.900685355949,584.253626532419,5.41504483017638,0.0667018616878375,0.0131037958397939
"12",12,"unconstrained","0:1:2",NA,0,1,2,3,0,4,5,0,0,0,0,0,0,0,0,0,0,0,FALSE,286.737554449287,0,51525250.5888911,0,8.23926579062629,0,-0.516581312891441,-0.00160141052923237,0,NA,NA,NA,0,NA,NA,583.475108898574,584.384199807665,5.54561810542236,0.0624862308624735,0.0122756215688862
"21",21,"unconstrained","1:2:0",NA,1,2,0,3,0,4,5,0,0,0,0,0,0,0,0,0,0,0,FALSE,286.74075813181,0,2006730.47429721,0,5.89282509728016,0,-0.514704587729015,-0.0011735683012168,NA,NA,0,NA,0,NA,NA,583.481516263621,584.390607172712,5.55202547046906,0.062286365140814,0.0122363573033061
"28",28,"unconstrained","1:2:3",NA,1,2,3,4,0,5,0,0,0,0,0,0,0,0,0,0,0,0,FALSE,286.780020037192,23956.4611839673,395046.898716402,0,6.57878447563419,0,-0.504347675913986,0,NA,NA,30.5261948270972,NA,0,0.24432977898349,0,583.560040074384,584.469130983475,5.63054928123211,0.0598882687302767,0.0117652435296773
"95",95,"socialEffectsOnly","1:2:0",NA,1,2,0,0,0,0,3,0,0,0,0,0,0,0,0,0,0,0,TRUE,289.416415254206,0.168034676606436,3.0753163531442,0,0,0,0,0.00276256979085983,4.06821977568567,68.3661438377505,0,0,0,0,0.0111546549810271,584.832830508412,585.185771684883,6.34718998263975,0.0418528664350767,0.00822213058523086
"81",81,"socialEffectsOnly","0:1:2",NA,0,1,2,0,0,0,3,0,0,0,0,0,0,0,0,0,0,0,TRUE,289.426526438255,0,2.13320092953068,0,0,0,0,0.00294847107268079,0,1.14123713884472,NA,0,0,0,0.000708130673656368,584.85305287651,585.205994052981,6.36741235073816,0.0414318166427361,0.00813941399565439
"99",99,"noILVs","1:2:3",NA,1,2,3,0,0,0,0,0,0,0,0,0,0,0,0,0,0,0,TRUE,289.447369948138,49.4021523733888,739.492584761799,0,0,0,0,0,294.875397541164,NA,NA,0,0,0,0,584.894739896275,585.247681072746,6.40909937050299,0.0405771700224156,0.00797151591088636
"24",24,"socialEffectsOnly","1:2:3",NA,1,2,3,0,0,4,5,0,0,0,0,0,0,0,0,0,0,0,TRUE,287.32207225361,0,25214.980196374,0,0,0,-0.507492324050275,-0.00165418189190695,41.8816396706416,24722.1252048205,NA,0,0,0.242880186001379,0.000722498506852558,584.644144507221,585.553235416312,6.71465371406873,0.0348282354722563,0.00684211917839065
"58",58,"unconstrained","1:2:0",NA,1,2,0,3,0,0,4,0,0,0,0,0,0,0,0,0,0,0,FALSE,288.902821222149,1019.26026824276,25763.1583602236,0,9.62838100516481,0,0,0.00291513972826473,NA,NA,0,NA,0,0,NA,585.805642444299,586.402657369672,7.56407566742928,0.0227762299315258,0.00447446382260927
"42",42,"unconstrained","0:1:2",NA,0,1,2,3,0,0,4,0,0,0,0,0,0,0,0,0,0,0,FALSE,288.912211133853,0,22611.3760923263,0,9.76134161809705,0,0,0.00304953869212003,0,NA,NA,21.7601697216524,0,0,0.0109827201508495,585.824422267706,586.421437193079,7.58285549083666,0.0225633641032292,0.0044326456441554
"64",64,"additive","1:2:3",NA,1,2,3,4,0,0,0,0,0,0,0,0,0,0,0,0,0,0,FALSE,288.935258601227,867230.588326461,12169590.2655594,0,9.99977228011243,0,0,0,NA,NA,NA,NA,0,0,0,585.870517202454,586.467532127827,7.62895042558466,0.0220492825994184,0.00433165267483654
"6",6,"unconstrained","1:2:3",NA,1,2,3,4,0,5,6,0,0,0,0,0,0,0,0,0,0,0,FALSE,286.737447728111,0,108857803.312493,0,8.96530104701277,0,-0.516638084003541,-0.00161451436724857,NA,NA,NA,NA,0,NA,NA,585.474895456221,586.767203148529,7.92862144628634,0.0189811153480034,0.00372890132356183
"61",61,"socialEffectsOnly","1:2:3",NA,1,2,3,0,0,0,4,0,0,0,0,0,0,0,0,0,0,0,TRUE,289.416415256391,0.168042556595556,3.07489203583668,0,0,0,0,0.00276263454813667,1.20798977661385,1.65239460107783,NA,0,0,0,0.000707631412262697,586.832830512782,587.429845438155,8.59126373591255,0.0136279579062685,0.00267725628038369
"27",27,"unconstrained","1:2:3",NA,1,2,3,4,0,0,5,0,0,0,0,0,0,0,0,0,0,0,FALSE,288.902837904305,758.029098938086,19154.6839464424,0,9.36175702108736,0,0,0.00292953687773086,7376.60411048552,11988.0970235913,NA,21.8506207939177,0,0,0.0110006747398156,587.80567580861,588.714766717701,9.87618501545808,0.00716825873779042,0.00140822754642772
"66",66,"asocial","0:0:0",NA,0,0,0,1,0,2,3,0,0,0,0,0,0,0,0,0,0,0,TRUE,309.95279825447,0,0,0,-0.624805640527908,0,NA,NA,0,0,0,0.238269479947386,0,NA,NA,621.905596508939,621.962739366082,43.1241576638395,4.3222327024678e-10,8.49116553452151e-11
"103",103,"asocial","0:0:0",NA,0,0,0,1,0,0,2,0,0,0,0,0,0,0,0,0,0,0,TRUE,309.95279825447,0,0,0,-0.624805640527908,0,0,NA,0,0,0,0.238269479947386,0,0,NA,621.905596508939,621.962739366082,43.1241576638395,4.3222327024678e-10,8.49116553452151e-11
"104",104,"asocial","0:0:0",NA,0,0,0,1,0,2,0,0,0,0,0,0,0,0,0,0,0,0,TRUE,309.95279825447,0,0,0,-0.624805640527908,0,NA,0,0,0,0,0.238269479947386,0,NA,0,621.905596508939,621.962739366082,43.1241576638395,4.3222327024678e-10,8.49116553452151e-11
"124",124,"asocial","0:0:0",NA,0,0,0,1,0,0,0,0,0,0,0,0,0,0,0,0,0,0,TRUE,309.95279825447,0,0,0,-0.624805640527908,0,0,0,0,0,0,0.238269479947386,0,0,0,621.905596508939,621.962739366082,43.1241576638395,4.3222327024678e-10,8.49116553452151e-11
"30",30,"asocial","0:0:0",NA,0,0,0,1,2,3,4,0,0,0,0,0,0,0,0,0,0,0,TRUE,309.090142252752,0,0,0,-0.606623846780792,0.015446904309503,NA,NA,0,0,0,0.239044453913032,0.0121405122158642,NA,NA,622.180284505504,622.354197548982,43.515615846739,3.55389081156129e-10,6.98173311107298e-11
"67",67,"asocial","0:0:0",NA,0,0,0,1,2,0,3,0,0,0,0,0,0,0,0,0,0,0,TRUE,309.090142252752,0,0,0,-0.606623846780792,0.015446904309503,0,NA,0,0,0,0.239044453913032,0.0121405122158642,0,NA,622.180284505504,622.354197548982,43.515615846739,3.55389081156129e-10,6.98173311107298e-11
"68",68,"asocial","0:0:0",NA,0,0,0,1,2,3,0,0,0,0,0,0,0,0,0,0,0,0,TRUE,309.090142252752,0,0,0,-0.606623846780792,0.015446904309503,NA,0,0,0,0,0.239044453913032,0.0121405122158642,NA,0,622.180284505504,622.354197548982,43.515615846739,3.55389081156129e-10,6.98173311107298e-11
"105",105,"asocial","0:0:0",NA,0,0,0,1,2,0,0,0,0,0,0,0,0,0,0,0,0,0,TRUE,309.090142252752,0,0,0,-0.606623846780792,0.015446904309503,0,0,0,0,0,0.239044453913032,0.0121405122158642,0,0,622.180284505504,622.354197548982,43.515615846739,3.55389081156129e-10,6.98173311107298e-11
"118",118,"additive","1:0:0",NA,1,0,0,2,0,0,0,0,0,0,0,0,0,0,0,0,0,0,TRUE,309.454700561222,0.717831693342504,0,0,-0.618107507622457,0,0,0,0.911871990797672,0,0,0.241962722841283,0,0,0,622.909401122444,623.083314165923,44.2447324636797,2.46818903643705e-10,4.8488369603312e-11
"109",109,"additive","0:0:1",NA,0,0,1,2,0,0,0,0,0,0,0,0,0,0,0,0,0,0,TRUE,309.95279825447,0,0,0,-0.624805615222199,0,0,0,0,0,0.0140079865935977,0.264104050895705,0,0,0,623.90559650894,624.079509552418,45.240927850175,1.49988284969215e-10,2.94656822892815e-11
"74",74,"additive","0:0:1",NA,0,0,1,2,3,0,0,0,0,0,0,0,0,0,0,0,0,0,TRUE,309.090142252751,0,0,0,-0.606623846780791,0.0154469043095031,0,0,0,0,NA,NA,NA,0,0,624.180284505503,624.533225681973,45.6946439797305,1.19545747940225e-10,2.34851477137976e-11
"80",80,"additive","0:1:0",NA,0,1,0,2,3,0,0,0,0,0,0,0,0,0,0,0,0,0,TRUE,309.090142252752,0,0.00218051436521892,0,-0.606623866540859,0.0154469050401191,0,0,0,NA,0,NA,NA,0,0,624.180284505504,624.533225681974,45.6946439797314,1.1954574794017e-10,2.3485147713787e-11
"90",90,"additive","1:0:0",NA,1,0,0,2,3,0,0,0,0,0,0,0,0,0,0,0,0,0,TRUE,309.090142252752,0.0230837451484853,0,0,-0.606623938821296,0.0154469031267708,0,0,NA,0,0,NA,NA,0,0,624.180284505504,624.533225681974,45.6946439797314,1.1954574794017e-10,2.3485147713787e-11
"89",89,"unconstrained","1:0:0",NA,1,0,0,2,0,3,0,0,0,0,0,0,0,0,0,0,0,0,TRUE,309.40804534584,0.493671128146988,0,0,-0.624988363862334,0,0.767649343063091,0,1.09103328238336,0,0,0.243139203605548,0,2.65229674496765,0,624.81609069168,625.16903186815,46.3304501659075,8.69902490923396e-11,1.70895149747625e-11
"88",88,"unconstrained","1:0:0",NA,1,0,0,2,0,0,3,0,0,0,0,0,0,0,0,0,0,0,FALSE,309.430082198445,1.10385245692333e-05,0,0,-0.617204453933949,0,0,0.00557851497502428,NA,0,0,NA,0,0,NA,624.86016439689,625.21310557336,46.3745238711174,8.50942257175834e-11,1.67170350681812e-11
"94",94,"additive","1:0:2",NA,1,0,2,3,0,0,0,0,0,0,0,0,0,0,0,0,0,0,TRUE,309.454700561222,0.717832122760103,0,0,-0.618107363575506,0,0,0,0.930727813822277,0,0.0161582909592657,0.265218361675559,0,0,0,624.909401122445,625.262342298915,46.4237605966725,8.30249211536416e-11,1.63105135131585e-11
"22",22,"unconstrained","1:2:0",NA,1,2,0,3,4,0,5,0,0,0,0,0,0,0,0,0,0,0,FALSE,307.470484201668,0.124964074023355,0.00807761886503875,0,-0.606130090747168,0.0114192379465197,0,0.0128479088367934,0.0865279725994528,0.00999259888565627,0,0.266848571182484,0.0122771364066115,0,0.0122813487994488,624.940968403335,625.850059312426,47.0114776101834,6.18852776690166e-11,1.21575623759781e-11
"73",73,"unconstrained","0:0:1",NA,0,0,1,2,0,3,0,0,0,0,0,0,0,0,0,0,0,0,TRUE,309.95279825447,0,0,0,-0.624805615216397,0,0.0325002509070177,0,0,0,NA,0.238269479696761,0,NA,0,625.905596508939,626.25853768541,47.4199559831673,5.04530461391188e-11,9.91166362337476e-12
"72",72,"unconstrained","0:0:1",NA,0,0,1,2,0,0,3,0,0,0,0,0,0,0,0,0,0,0,TRUE,309.95279825447,0,0,0.193006245874468,-0.624805615045948,0,0,-0.0254553911458232,0,0,NA,NA,0,0,NA,625.90559650894,626.25853768541,47.4199559831674,5.04530461391159e-11,9.9116636233742e-12
"65",65,"asocial","0:0:0",NA,0,0,0,0,1,2,3,0,0,0,0,0,0,0,0,0,0,0,TRUE,312.315109102793,0,0,0,0,0.0170065440492227,NA,NA,0,0,0,0,0.01199812466947,NA,NA,626.630218205585,626.687361062728,47.8487793604852,4.07164193808627e-11,7.99887189642772e-12
"101",101,"asocial","0:0:0",NA,0,0,0,0,1,0,2,0,0,0,0,0,0,0,0,0,0,0,TRUE,312.315109102793,0,0,0,0,0.0170065440492227,0,NA,0,0,0,0,0.01199812466947,0,NA,626.630218205585,626.687361062728,47.8487793604852,4.07164193808627e-11,7.99887189642772e-12
"102",102,"asocial","0:0:0",NA,0,0,0,0,1,2,0,0,0,0,0,0,0,0,0,0,0,0,TRUE,312.315109102793,0,0,0,0,0.0170065440492227,NA,0,0,0,0,0,0.01199812466947,NA,0,626.630218205585,626.687361062728,47.8487793604852,4.07164193808627e-11,7.99887189642772e-12
"123",123,"asocial","0:0:0",NA,0,0,0,0,1,0,0,0,0,0,0,0,0,0,0,0,0,0,TRUE,312.315109102793,0,0,0,0,0.0170065440492227,0,0,0,0,0,0,0.01199812466947,0,0,626.630218205585,626.687361062728,47.8487793604852,4.07164193808627e-11,7.99887189642772e-12
"33",33,"unconstrained","0:0:1",NA,0,0,1,2,3,0,4,0,0,0,0,0,0,0,0,0,0,0,TRUE,309.090142252751,0,0,0,-0.606623846780791,0.0154469043095031,0,0,0,0,NA,NA,NA,0,NA,626.180284505503,626.777299430876,47.938717728633,3.89259939194341e-11,7.64713704046930e-12
"34",34,"unconstrained","0:0:1",NA,0,0,1,2,3,4,0,0,0,0,0,0,0,0,0,0,0,0,TRUE,309.090142252751,0,0,0,-0.606623846780791,0.0154469043095031,0,0,0,0,NA,NA,NA,NA,0,626.180284505503,626.777299430876,47.938717728633,3.89259939194341e-11,7.64713704046930e-12
"37",37,"unconstrained","0:1:0",NA,0,1,0,2,3,0,4,0,0,0,0,0,0,0,0,0,0,0,TRUE,309.090142252751,0,0.00217258403259566,0,-0.606623866989951,0.0154469050463968,0,1.32897277694396e-06,0,NA,0,NA,NA,0,NA,626.180284505503,626.777299430876,47.938717728633,3.89259939194341e-11,7.64713704046930e-12
"38",38,"unconstrained","0:1:0",NA,0,1,0,2,3,4,0,0,0,0,0,0,0,0,0,0,0,0,TRUE,309.090142252752,0,0.00217258403243352,0,-0.606623866989951,0.0154469050463969,3.18184555351527e-10,0,0,NA,0,NA,NA,NA,0,626.180284505504,626.777299430877,47.9387177286339,3.89259939194164e-11,7.64713704046583e-12
"44",44,"additive","0:1:2",NA,0,1,2,3,4,0,0,0,0,0,0,0,0,0,0,0,0,0,TRUE,309.090142252752,0,0.00218051436521892,0,-0.606623866540859,0.0154469050401191,0,0,0,NA,NA,NA,NA,0,0,626.180284505504,626.777299430877,47.9387177286339,3.89259939194164e-11,7.64713704046583e-12
"47",47,"unconstrained","1:0:0",NA,1,0,0,2,3,0,4,0,0,0,0,0,0,0,0,0,0,0,TRUE,309.090142252752,0.0230837451484853,0,0,-0.606623938821296,0.0154469031267708,0,9.87223945919253e-12,NA,0,0,NA,NA,0,NA,626.180284505504,626.777299430877,47.9387177286339,3.89259939194164e-11,7.64713704046583e-12
"48",48,"unconstrained","1:0:0",NA,1,0,0,2,3,4,0,0,0,0,0,0,0,0,0,0,0,0,TRUE,309.090142252752,0.0230837451484853,0,0,-0.606623938821296,0.0154469031267708,3.92521916726881e-15,0,NA,0,0,NA,NA,NA,0,626.180284505504,626.777299430877,47.9387177286339,3.89259939194164e-11,7.64713704046583e-12
"54",54,"additive","1:0:2",NA,1,0,2,3,4,0,0,0,0,0,0,0,0,0,0,0,0,0,TRUE,309.090142252752,0.0230837451484853,0,0,-0.606623938821296,0.0154469031267708,0,0,NA,0,NA,NA,NA,0,0,626.180284505504,626.777299430877,47.9387177286339,3.89259939194164e-11,7.64713704046583e-12
"60",60,"additive","1:2:0",NA,1,2,0,3,4,0,0,0,0,0,0,0,0,0,0,0,0,0,TRUE,309.090142252875,0.25106893488952,1.3223131162433e-05,0,-0.606620007987768,0.0154469068197369,0,0,NA,NA,0,NA,NA,0,0,626.18028450575,626.777299431123,47.9387177288804,3.89259939146193e-11,7.64713703952342e-12
"100",100,"asocial","0:0:0",NA,0,0,0,0,0,1,2,0,0,0,0,0,0,0,0,0,0,0,TRUE,313.395643036764,0,0,0,0,0,NA,NA,0,0,0,0,0,NA,NA,626.791286073529,626.791286073529,47.9527043712858,3.8654721588876e-11,7.59384471628719e-12
"121",121,"asocial","0:0:0",NA,0,0,0,0,0,0,1,0,0,0,0,0,0,0,0,0,0,0,TRUE,313.395643036764,0,0,0,0,0,0,NA,0,0,0,0,0,0,NA,626.791286073529,626.791286073529,47.9527043712858,3.8654721588876e-11,7.59384471628719e-12
"122",122,"asocial","0:0:0",NA,0,0,0,0,0,1,0,0,0,0,0,0,0,0,0,0,0,0,TRUE,313.395643036764,0,0,0,0,0,NA,0,0,0,0,0,0,NA,0,626.791286073529,626.791286073529,47.9527043712858,3.8654721588876e-11,7.59384471628719e-12
"128",128,"asocial","0:0:0",NA,0,0,0,0,0,0,0,0,0,0,0,0,0,0,0,0,0,0,TRUE,313.395643036764,0,0,0,0,0,0,0,0,0,0,0,0,0,0,626.791286073529,626.791286073529,47.9527043712858,3.8654721588876e-11,7.59384471628719e-12
"46",46,"unconstrained","1:0:0",NA,1,0,0,2,0,3,4,0,0,0,0,0,0,0,0,0,0,0,FALSE,309.392955468053,3.57592223427319e-05,0,0,-0.623609549006497,0,0.689797596468526,0.0048274516874955,0.00123868875950866,0,0,0.243195200741149,0,2.55879670335805,0.01755388103405,626.785910936107,627.38292586148,48.5443441592373,2.87560746273306e-11,5.64922359789437e-12
"53",53,"unconstrained","1:0:2",NA,1,0,2,3,0,4,0,0,0,0,0,0,0,0,0,0,0,0,TRUE,309.408045345831,0.493672373950016,0,0,-0.624986865265288,0,0.767653667744098,0,0.580184829652148,0,NA,0.24280565024486,0,NA,0,626.816090691661,627.413105617035,48.5745239147918,2.83254065125129e-11,5.56461745784851e-12
"52",52,"unconstrained","1:0:2",NA,1,0,2,3,0,0,4,0,0,0,0,0,0,0,0,0,0,0,FALSE,309.430469901675,1.32875617028702e-05,0,0,-0.617163704969468,0,0,0.00548644438963916,NA,0,NA,NA,0,0,NA,626.86093980335,627.457954728723,48.6193730264805,2.76972907815088e-11,5.44122209684104e-12
"127",127,"noILVs","1:0:0",NA,1,0,0,0,0,0,0,0,0,0,0,0,0,0,0,0,0,0,TRUE,312.712363386628,1.17947670855804,0,0,0,0,0,0,1.30289717071946,0,0,0,0,0,0,627.424726773256,627.481869630398,48.6432879281557,2.73680740079723e-11,5.37654639996698e-12
"32",32,"unconstrained","0:0:1",NA,0,0,1,2,0,3,4,0,0,0,0,0,0,0,0,0,0,0,TRUE,309.95279825447,0,0,0.193032934032894,-0.624805615034057,0,0.00323743749514964,-0.025460285538033,0,0,NA,NA,0,NA,NA,627.905596508939,628.502611434313,49.6640297320698,1.64283130187974e-11,3.22739507328927e-12
"108",108,"additive","0:0:1",NA,0,0,1,0,2,0,0,0,0,0,0,0,0,0,0,0,0,0,TRUE,312.315109102793,0,0,0,0,0.0170065440492227,0,0,0,0,NA,0,NA,0,0,628.630218205585,628.804131249063,49.9655495468206,1.41292390609521e-11,2.77573457983583e-12
"112",112,"additive","0:1:0",NA,0,1,0,0,2,0,0,0,0,0,0,0,0,0,0,0,0,0,TRUE,312.315109102793,0,0.0193357798021109,0,0,0.0170065439850852,0,0,0,NA,0,0,NA,0,0,628.630218205585,628.804131249063,49.9655495468206,1.41292390609521e-11,2.77573457983583e-12
"117",117,"additive","1:0:0",NA,1,0,0,0,2,0,0,0,0,0,0,0,0,0,0,0,0,0,TRUE,312.315109102793,0.0237753398310864,0,0,0,0.0170065440478449,0,0,NA,0,0,0,NA,0,0,628.630218205585,628.804131249063,49.9655495468206,1.41292390609521e-11,2.77573457983583e-12
"125",125,"noILVs","0:0:1",NA,0,0,1,0,0,0,0,0,0,0,0,0,0,0,0,0,0,0,TRUE,313.395643036764,0,0,0,0,0,0,0,0,0,0.0312983322851062,0,0,0,0,628.791286073529,628.848428930671,50.0098472284286,1.38197330468169e-11,2.71493112521269e-12
"9",9,"unconstrained","0:0:1",NA,0,0,1,2,3,4,5,0,0,0,0,0,0,0,0,0,0,0,TRUE,309.090142252751,0,0,0,-0.606623846780791,0.0154469043095031,0,0,0,0,NA,NA,NA,NA,NA,628.180284505503,629.089375414594,50.2507937123507,1.22512045130545e-11,2.40678863630428e-12
"10",10,"unconstrained","0:1:0",NA,0,1,0,2,3,4,5,0,0,0,0,0,0,0,0,0,0,0,TRUE,309.090142252751,0,0.00217258403259566,0,-0.606623866989951,0.0154469050463968,3.1818456325679e-10,1.32897277694396e-06,0,NA,0,NA,NA,NA,NA,628.180284505503,629.089375414594,50.2507937123507,1.22512045130545e-11,2.40678863630428e-12
"13",13,"unconstrained","0:1:2",NA,0,1,2,3,4,0,5,0,0,0,0,0,0,0,0,0,0,0,TRUE,309.090142252751,0,0.00217258403259566,0,-0.606623866989951,0.0154469050463968,0,1.32897277694396e-06,0,NA,NA,NA,NA,0,NA,628.180284505503,629.089375414594,50.2507937123507,1.22512045130545e-11,2.40678863630428e-12
"14",14,"unconstrained","0:1:2",NA,0,1,2,3,4,5,0,0,0,0,0,0,0,0,0,0,0,0,TRUE,309.090142252752,0,0.00217258403243352,0,-0.606623866989951,0.0154469050463969,3.18184555351527e-10,0,0,NA,NA,NA,NA,NA,0,628.180284505504,629.089375414594,50.2507937123517,1.22512045130489e-11,2.40678863630319e-12
"15",15,"unconstrained","1:0:0",NA,1,0,0,2,3,4,5,0,0,0,0,0,0,0,0,0,0,0,TRUE,309.090142252752,0.0230837451484853,0,0,-0.606623938821296,0.0154469031267708,3.92521919101542e-15,9.87223945919254e-12,NA,0,0,NA,NA,NA,NA,628.180284505504,629.089375414594,50.2507937123517,1.22512045130489e-11,2.40678863630319e-12
"18",18,"unconstrained","1:0:2",NA,1,0,2,3,4,0,5,0,0,0,0,0,0,0,0,0,0,0,TRUE,309.090142252752,0.0230837451484853,0,0,-0.606623938821296,0.0154469031267708,0,9.87223945919253e-12,NA,0,NA,NA,NA,0,NA,628.180284505504,629.089375414594,50.2507937123517,1.22512045130489e-11,2.40678863630319e-12
"19",19,"unconstrained","1:0:2",NA,1,0,2,3,4,5,0,0,0,0,0,0,0,0,0,0,0,0,TRUE,309.090142252752,0.0230837451484853,0,0,-0.606623938821296,0.0154469031267708,3.92521916726881e-15,0,NA,0,NA,NA,NA,NA,0,628.180284505504,629.089375414594,50.2507937123517,1.22512045130489e-11,2.40678863630319e-12
"29",29,"additive","1:2:3",NA,1,2,3,4,5,0,0,0,0,0,0,0,0,0,0,0,0,0,TRUE,309.090142252752,0.330905630214049,0.0343725792845553,0.0678802749496329,-0.606623702960063,0.0154469069712624,0,0,NA,NA,NA,NA,NA,0,0,628.180284505504,629.089375414594,50.2507937123517,1.22512045130489e-11,2.40678863630319e-12
"23",23,"unconstrained","1:2:0",NA,1,2,0,3,4,5,0,0,0,0,0,0,0,0,0,0,0,0,TRUE,309.090142252891,0.253857862649884,1.45999371712729e-05,0,-0.606619787903105,0.0154468937561583,0.0215338917935757,0,NA,NA,0,NA,NA,NA,0,628.180284505782,629.089375414873,50.25079371263,1.22512045113441e-11,2.40678863596827e-12
"115",115,"socialEffectsOnly","1:0:0",NA,1,0,0,0,0,0,2,0,0,0,0,0,0,0,0,0,0,0,FALSE,312.684576719103,0.000134541430558572,0,0,0,0,0,0.00456248321666451,0.00123737210057063,0,0,0,0,0,0.00466172074098593,629.369153438205,629.543066481684,50.7044847794408,9.76474769401293e-12,1.91831617546553e-12
"116",116,"socialEffectsOnly","1:0:0",NA,1,0,0,0,0,2,0,0,0,0,0,0,0,0,0,0,0,0,TRUE,312.708958177278,1.11017986947912,0,0,0,0,0.187303955129504,0,1.52157607376943,0,0,0,0,2.22969683140206,0,629.417916354557,629.591829398035,50.7532476957924,9.5295478157182e-12,1.87211040086299e-12
"119",119,"noILVs","1:0:2",NA,1,0,2,0,0,0,0,0,0,0,0,0,0,0,0,0,0,0,TRUE,312.712363386628,1.17947670855804,0,0,0,0,0,0,1.44350604128826,0,0.0346170077802857,0,0,0,0,629.424726773256,629.598639816734,50.7600581144911,9.4971528974431e-12,1.86574631469534e-12
"17",17,"unconstrained","1:0:2",NA,1,0,2,3,0,4,5,0,0,0,0,0,0,0,0,0,0,0,FALSE,309.397426058774,0.000586154577624511,0,0,-0.624800237505216,0,0.694851143724834,0.00341829793272956,NA,0,NA,NA,0,NA,NA,628.794852117547,629.703943026638,50.8653613243954,9.01004849294704e-12,1.77005308353708e-12
"106",106,"socialEffectsOnly","0:0:1",NA,0,0,1,0,0,0,2,0,0,0,0,0,0,0,0,0,0,0,TRUE,313.395643036764,0,0,0,0,0,0,0,0,0,0,0,0,0,NA,630.791286073529,630.965199117007,52.126617414764,4.79566511363698e-12,9.42123877429639e-13
"107",107,"socialEffectsOnly","0:0:1",NA,0,0,1,0,0,2,0,0,0,0,0,0,0,0,0,0,0,0,TRUE,313.395643036764,0,0,0,0,0,0,0,0,0,0,0,0,NA,0,630.791286073529,630.965199117007,52.126617414764,4.79566511363698e-12,9.42123877429639e-13
"70",70,"unconstrained","0:0:1",NA,0,0,1,0,2,0,3,0,0,0,0,0,0,0,0,0,0,0,TRUE,312.315109102793,0,0,0,0,0.0170065440492227,0,0,0,0,NA,0,NA,0,NA,630.630218205585,630.983159382056,52.144577679813,4.75279219573135e-12,9.33701354443386e-13
"71",71,"unconstrained","0:0:1",NA,0,0,1,0,2,3,0,0,0,0,0,0,0,0,0,0,0,0,TRUE,312.315109102793,0,0,0,0,0.0170065440492227,0,0,0,0,NA,0,NA,NA,0,630.630218205585,630.983159382056,52.144577679813,4.75279219573135e-12,9.33701354443386e-13
"76",76,"unconstrained","0:1:0",NA,0,1,0,0,2,0,3,0,0,0,0,0,0,0,0,0,0,0,TRUE,312.315109102793,0,0.0193357798021109,0,0,0.0170065439850852,0,1.39918370582894e-11,0,NA,0,0,NA,0,NA,630.630218205585,630.983159382056,52.144577679813,4.75279219573135e-12,9.33701354443386e-13
"77",77,"unconstrained","0:1:0",NA,0,1,0,0,2,3,0,0,0,0,0,0,0,0,0,0,0,0,TRUE,312.315109102793,0,0.0193357798021109,0,0,0.0170065439850852,2.37516603742248e-15,0,0,NA,0,0,NA,NA,0,630.630218205585,630.983159382056,52.144577679813,4.75279219573135e-12,9.33701354443386e-13
"83",83,"additive","0:1:2",NA,0,1,2,0,3,0,0,0,0,0,0,0,0,0,0,0,0,0,TRUE,312.315109102793,0,0.0193357798021109,0,0,0.0170065439850852,0,0,0,NA,NA,0,NA,0,0,630.630218205585,630.983159382056,52.144577679813,4.75279219573135e-12,9.33701354443386e-13
"86",86,"unconstrained","1:0:0",NA,1,0,0,0,2,0,3,0,0,0,0,0,0,0,0,0,0,0,TRUE,312.315109102793,0.0237753398310864,0,0,0,0.0170065440478449,0,2.94520245550563e-13,NA,0,0,0,NA,0,NA,630.630218205585,630.983159382056,52.144577679813,4.75279219573135e-12,9.33701354443386e-13
"87",87,"unconstrained","1:0:0",NA,1,0,0,0,2,3,0,0,0,0,0,0,0,0,0,0,0,0,TRUE,312.315109102793,0.0237753398310864,0,0,0,0.0170065440478449,6.64628402154354e-17,0,NA,0,0,0,NA,NA,0,630.630218205585,630.983159382056,52.144577679813,4.75279219573135e-12,9.33701354443386e-13
"93",93,"additive","1:0:2",NA,1,0,2,0,3,0,0,0,0,0,0,0,0,0,0,0,0,0,TRUE,312.315109102793,0.0237753398310864,0,0,0,0.0170065440478449,0,0,NA,0,NA,0,NA,0,0,630.630218205585,630.983159382056,52.144577679813,4.75279219573135e-12,9.33701354443386e-13
"97",97,"additive","1:2:0",NA,1,2,0,0,3,0,0,0,0,0,0,0,0,0,0,0,0,0,TRUE,312.315109102793,0.00216851377492078,0.0191946284083024,0,0,0.0170065439831951,0,0,NA,NA,0,0,NA,0,0,630.630218205585,630.983159382056,52.144577679813,4.75279219573135e-12,9.33701354443386e-13
"2",2,"unconstrained","0:1:2",NA,0,1,2,3,4,5,6,0,0,0,0,0,0,0,0,0,0,0,TRUE,309.090142252751,0,0.00217258403259566,0,-0.606623866989951,0.0154469050463968,3.1818456325679e-10,1.32897277694396e-06,0,NA,NA,NA,NA,NA,NA,630.180284505503,631.47259219781,52.6340104955675,3.72108714230191e-12,7.31019569483729e-13
"7",7,"unconstrained","1:2:3",NA,1,2,3,4,5,0,6,0,0,0,0,0,0,0,0,0,0,0,TRUE,309.090142252751,0.0629933371495702,0.0528616358844399,0.112442514228597,-0.606623762118401,0.0154469057931124,0,-0.0383446506909329,NA,NA,NA,NA,NA,0,NA,630.180284505503,631.47259219781,52.6340104955675,3.72108714230191e-12,7.31019569483729e-13
"3",3,"unconstrained","1:0:2",NA,1,0,2,3,4,5,6,0,0,0,0,0,0,0,0,0,0,0,TRUE,309.090142252752,0.0230837451484853,0,0,-0.606623938821296,0.0154469031267708,3.92521919101542e-15,9.87223945919254e-12,NA,0,NA,NA,NA,NA,NA,630.180284505504,631.472592197811,52.6340104955684,3.72108714230021e-12,7.31019569483397e-13
"8",8,"unconstrained","1:2:3",NA,1,2,3,4,5,6,0,0,0,0,0,0,0,0,0,0,0,0,TRUE,309.090142252752,0.0629933741520969,0.0528618131256445,0.112442562870616,-0.606623762118276,0.0154469057931552,-0.0383444553315789,0,NA,NA,NA,NA,NA,NA,0,630.180284505504,631.472592197811,52.6340104955684,3.72108714230021e-12,7.31019569483397e-13
"4",4,"unconstrained","1:2:0",NA,1,2,0,3,4,5,6,0,0,0,0,0,0,0,0,0,0,0,TRUE,309.090142252891,0.253857862502601,1.45999370778714e-05,0,-0.606619787903117,0.0154468937561582,0.021533891780752,9.91100183664111e-07,NA,NA,0,NA,NA,NA,NA,630.180284505783,631.47259219809,52.6340104958476,3.72108714178072e-12,7.31019569381341e-13
"85",85,"socialEffectsOnly","1:0:0",NA,1,0,0,0,0,2,3,0,0,0,0,0,0,0,0,0,0,0,FALSE,312.677529491712,2.56423398607813e-05,0,0,0,0,0.147551288350196,0.00537293515936058,0.000224656507147792,0,0,0,0,2.25902761498666,0.00446597337328341,631.355058983425,631.708000159895,52.8694184576525,3.3078945093664e-12,6.49846544211468e-13
"91",91,"socialEffectsOnly","1:0:2",NA,1,0,2,0,0,0,3,0,0,0,0,0,0,0,0,0,0,0,FALSE,312.683201573389,8.82727187927123e-05,0,0,0,0,0,0.00477953854966388,NA,0,NA,0,0,0,NA,631.366403146778,631.719344323248,52.8807626210056,3.28918497270294e-12,6.46170995396316e-13
"92",92,"socialEffectsOnly","1:0:2",NA,1,0,2,0,0,3,0,0,0,0,0,0,0,0,0,0,0,0,TRUE,312.708958177278,1.11017986947912,0,0,0,0,0.187303955129504,0,1.19823625082651,0,NA,0,0,0.044145359676408,0,631.417916354557,631.770857531028,52.9322758287848,3.20554845820142e-12,6.29740332397598e-13
"69",69,"socialEffectsOnly","0:0:1",NA,0,0,1,0,0,2,3,0,0,0,0,0,0,0,0,0,0,0,TRUE,313.395643036764,0,0,0,0,0,0,0,0,0,NA,0,0,NA,NA,632.791286073529,633.144227249999,54.3056455477564,1.61316541019011e-12,3.16911547235016e-13
"31",31,"unconstrained","0:0:1",NA,0,0,1,0,2,3,4,0,0,0,0,0,0,0,0,0,0,0,TRUE,312.315109102793,0,0,0,0,0.0170065440492227,0,0,0,0,NA,0,NA,NA,NA,632.630218205585,633.227233130958,54.3886514287155,1.5475846134141e-12,3.04027988212546e-13
"35",35,"unconstrained","0:1:0",NA,0,1,0,0,2,3,4,0,0,0,0,0,0,0,0,0,0,0,TRUE,312.315109102793,0,0.0193357798021109,0,0,0.0170065439850852,2.37516604660805e-15,1.39918370582894e-11,0,NA,0,0,NA,NA,NA,632.630218205585,633.227233130958,54.3886514287155,1.5475846134141e-12,3.04027988212546e-13
"40",40,"unconstrained","0:1:2",NA,0,1,2,0,3,0,4,0,0,0,0,0,0,0,0,0,0,0,TRUE,312.315109102793,0,0.0193357798021109,0,0,0.0170065439850852,0,1.39918370582894e-11,0,NA,NA,0,NA,0,NA,632.630218205585,633.227233130958,54.3886514287155,1.5475846134141e-12,3.04027988212546e-13
"41",41,"unconstrained","0:1:2",NA,0,1,2,0,3,4,0,0,0,0,0,0,0,0,0,0,0,0,TRUE,312.315109102793,0,0.0193357798021109,0,0,0.0170065439850852,2.37516603742248e-15,0,0,NA,NA,0,NA,NA,0,632.630218205585,633.227233130958,54.3886514287155,1.5475846134141e-12,3.04027988212546e-13
"45",45,"unconstrained","1:0:0",NA,1,0,0,0,2,3,4,0,0,0,0,0,0,0,0,0,0,0,TRUE,312.315109102793,0.0237753398310864,0,0,0,0.0170065440478449,6.64628402276171e-17,2.94520245550563e-13,NA,0,0,0,NA,NA,NA,632.630218205585,633.227233130958,54.3886514287155,1.5475846134141e-12,3.04027988212546e-13
"50",50,"unconstrained","1:0:2",NA,1,0,2,0,3,0,4,0,0,0,0,0,0,0,0,0,0,0,TRUE,312.315109102793,0.0237753398310864,0,0,0,0.0170065440478449,0,2.94520245550563e-13,NA,0,NA,0,NA,0,NA,632.630218205585,633.227233130958,54.3886514287155,1.5475846134141e-12,3.04027988212546e-13
"51",51,"unconstrained","1:0:2",NA,1,0,2,0,3,4,0,0,0,0,0,0,0,0,0,0,0,0,TRUE,312.315109102793,0.0237753398310864,0,0,0,0.0170065440478449,6.64628402154354e-17,0,NA,0,NA,0,NA,NA,0,632.630218205585,633.227233130958,54.3886514287155,1.5475846134141e-12,3.04027988212546e-13
"56",56,"unconstrained","1:2:0",NA,1,2,0,0,3,0,4,0,0,0,0,0,0,0,0,0,0,0,TRUE,312.315109102793,0.00216851377492078,0.0191946284083024,0,0,0.0170065439831951,0,1.43126824828088e-11,NA,NA,0,0,NA,0,NA,632.630218205585,633.227233130958,54.3886514287155,1.5475846134141e-12,3.04027988212546e-13
"57",57,"unconstrained","1:2:0",NA,1,2,0,0,3,4,0,0,0,0,0,0,0,0,0,0,0,0,TRUE,312.315109102793,0.00216851377492078,0.0191946284083024,0,0,0.0170065439831951,2.43607532418078e-15,0,NA,NA,0,0,NA,NA,0,632.630218205585,633.227233130958,54.3886514287155,1.5475846134141e-12,3.04027988212546e-13
"63",63,"additive","1:2:3",NA,1,2,3,0,4,0,0,0,0,0,0,0,0,0,0,0,0,0,TRUE,312.315109102793,0.00216851377492078,0.0191946284083024,0,0,0.0170065439831951,0,0,NA,NA,NA,0,NA,0,0,632.630218205585,633.227233130958,54.3886514287155,1.5475846134141e-12,3.04027988212546e-13
"1",1,"unconstrained","1:2:3",NA,1,2,3,4,5,6,7,0,0,0,0,0,0,0,0,0,0,0,TRUE,309.090142252751,0.0280501449685695,0.0949818749013772,0.114665795468738,-0.606623740958296,0.0154469064399973,-0.0419335674497565,-0.299900648299911,NA,NA,NA,NA,NA,NA,NA,632.180284505503,633.930284505503,55.0917028032599,1.08890185323178e-12,2.13918280738545e-13
"49",49,"socialEffectsOnly","1:0:2",NA,1,0,2,0,0,3,4,0,0,0,0,0,0,0,0,0,0,0,FALSE,312.680213092194,6.75914139458208e-05,0,0,0,0,0.149635065521284,0.00489757652154363,NA,0,NA,0,0,NA,NA,633.360426184388,633.957441109762,55.1188594075188,1.07421634265929e-12,2.11033264826311e-13
"11",11,"unconstrained","0:1:2",NA,0,1,2,0,3,4,5,0,0,0,0,0,0,0,0,0,0,0,TRUE,312.315109102793,0,0.0193357798021109,0,0,0.0170065439850852,2.37516604660805e-15,1.39918370582894e-11,0,NA,NA,0,NA,NA,NA,634.630218205585,635.539309114676,56.7007274124333,4.87072356827521e-13,9.56869352904262e-14
"16",16,"unconstrained","1:0:2",NA,1,0,2,0,3,4,5,0,0,0,0,0,0,0,0,0,0,0,TRUE,312.315109102793,0.0237753398310864,0,0,0,0.0170065440478449,6.64628402276171e-17,2.94520245550563e-13,NA,0,NA,0,NA,NA,NA,634.630218205585,635.539309114676,56.7007274124333,4.87072356827521e-13,9.56869352904262e-14
"20",20,"unconstrained","1:2:0",NA,1,2,0,0,3,4,5,0,0,0,0,0,0,0,0,0,0,0,TRUE,312.315109102793,0.00216851377492078,0.0191946284083024,0,0,0.0170065439831951,2.43607533364969e-15,1.43126824828088e-11,NA,NA,0,0,NA,NA,NA,634.630218205585,635.539309114676,56.7007274124333,4.87072356827521e-13,9.56869352904262e-14
"25",25,"unconstrained","1:2:3",NA,1,2,3,0,4,0,5,0,0,0,0,0,0,0,0,0,0,0,TRUE,312.315109102793,0.00216851377492078,0.0191946284083024,0,0,0.0170065439831951,0,1.43126824828088e-11,NA,NA,NA,0,NA,0,NA,634.630218205585,635.539309114676,56.7007274124333,4.87072356827521e-13,9.56869352904262e-14
"26",26,"unconstrained","1:2:3",NA,1,2,3,0,4,5,0,0,0,0,0,0,0,0,0,0,0,0,TRUE,312.315109102793,0.00216851377492078,0.0191946284083024,0,0,0.0170065439831951,2.43607532418078e-15,0,NA,NA,NA,0,NA,NA,0,634.630218205585,635.539309114676,56.7007274124333,4.87072356827521e-13,9.56869352904262e-14
"5",5,"unconstrained","1:2:3",NA,1,2,3,0,4,5,6,0,0,0,0,0,0,0,0,0,0,0,TRUE,312.315109102793,0.00216851377492078,0.0191946284083024,0,0,0.0170065439831951,2.43607533364969e-15,1.43126824828088e-11,NA,NA,NA,0,NA,NA,NA,636.630218205585,637.922525897893,59.08394419565,1.47939631766844e-13,2.90632177608393e-14
