"","Mom","Alias","BirthYear","Depart"
"1","F105","1054",1991,1997
"2","F109","1091",2006,2012
"3","F109","1092",2010,2016
"4","F109","1093",2013,2019
"5","F113","1132",2007,2013
"6","F113","1134",2013,2019
"7","F113","1135",2014,2020
"8","F123","1231",2012,2018
"9","F125","1251",2005,2011
"10","F125","1253",2011,2017
"11","F131","1312",1999,2005
"12","F131","1313",2002,2008
"13","F131","1314",2004,2010
"14","F131","1315",2006,2012
"15","F131","1316",2010,2016
"16","F131","1317",2013,2019
"17","F135","1351",2010,2016
"18","F137","1373",2014,2020
"19","F141","1412",2004,2010
"20","F141","1414",2011,2017
"21","F141","1415",2014,2020
"22","M145","1452",1985,1991
"23","M145","1453",2002,2008
"24","M145","1454",1985,1991
"25","M145","1455",2008,2014
"26","M145","1456",2011,2017
"27","M145","1457",2014,2020
"28","F149","1494",2005,2011
"29","F149","1495",2010,2016
"30","F149","1496",2013,2019
"31","F151","1511",2011,2017
"32","F153","1535",1995,2001
"33","F153","1536",1999,2005
"34","F155","1551",1999,2005
"35","F155","1555",2012,2018
"36","F155","1556",2013,2019
"37","F157","1575",2008,2014
"38","F159","1591",2008,2014
"39","F159","1593",2013,2019
"40","F165","1651",2011,2017
"41","F167","1672",2005,2011
"42","F167","1673",2010,2016
"43","F167","1674",2013,2019
"44","F171","1711",2012,2018
"45","F175","1753",2008,2014
"46","F179","1791",2013,2019
"47","F181","1813",2008,2014
"48","F183","1832",1993,1999
"49","F183","1833",1998,2004
"50","F183","1834",2006,2012
"53","F199","1991",2011,2017
"54","F199","1992",2013,2019
"55","F207","2071",2014,2020
"56","F209","2091",2013,2019
"57","F210","2102",1985,1991
"58","F215","2151",2009,2015
"59","F215","2152",2013,2019
"60","F219","2193",2010,2016
"61","F219","2194",2013,2019
"62","F223","2231",2013,2019
"63","F225","2252",1985,1991
"64","F225","2253",2011,2017
"65","B226","226C",2007,2013
"66","F227","2271",2014,2020
"67","F231","2313",2012,2018
"68","SCTN","2SCT",2006,2012
"70",NA,"2SDN",1985,1991
"71",NA,"2XUU",1985,1991
"72","YELP","2YEL",2008,2014
"73","49LA","49C3",1985,1991
"74",NA,"49IS",1985,1991
"75",NA,"49LA",1985,1991
"76","F219","4C42",2008,2014
"77","F219","4C4C",2003,2009
"79",NA,"AARD",1985,1991
"80",NA,"AAXE",1985,1991
"81",NA,"ABGL",1985,1991
"82","ALHK","ALH2",1985,1991
"83","ALHK","ALH3",2004,2010
"84",NA,"ALHK",1985,1991
"85","ALHK","ALKC",1985,1991
"86","TEKK","ALOT",1985,1991
"87",NA,"AMTS",1985,1991
"88","AMVM","AMV1",2011,2017
"89",NA,"AMVM",1985,1991
"90",NA,"APEM",1985,1991
"91",NA,"APLO",1985,1991
"92",NA,"ARCE",1985,1991
"93","ARRR","ARRC",2004,2010
"94",NA,"ARRR",1985,1991
"95",NA,"ASPK",1985,1991
"96",NA,"ATMM",1997,2003
"97",NA,"ATNA",1985,1991
"98",NA,"ATRD",1985,1991
"99",NA,"B026",1985,1991
"100",NA,"B032",1985,1991
"101",NA,"B033",1985,1991
"102","MDNK","B053",1985,1991
"103",NA,"B207",1985,1991
"104",NA,"B226",1985,1991
"105","B053","B531",2013,2019
"106",NA,"BASH",1985,1991
"107","BBLN","BBL2",1993,1999
"108","BBLN","BBL3",1985,1991
"109",NA,"BBLN",1985,1991
"110",NA,"BBMM",1985,1991
"111",NA,"BDSP",1985,1991
"112","PINT","BEAN",1985,1991
"113",NA,"BEGR",1980,1986
"114",NA,"BESR",1985,1991
"115",NA,"BEWT",1985,1991
"116",NA,"BGET",1985,1991
"117",NA,"BGSQ",1985,1991
"118","BIKO","BIK1",1985,1991
"119","BIKO","BIK2",2010,2016
"120",NA,"BIKO",1985,1991
"121","BKHO","BKH1",1985,1991
"122","BKHO","BKH2",1985,1991
"123","BKHO","BKH3",1985,1991
"124",NA,"BKHO",1985,1991
"125",NA,"BKTL",1985,1991
"126",NA,"BKTS",1985,1991
"127",NA,"BKUS",1985,1991
"128",NA,"BLNK",1985,1991
"129",NA,"BLTR",1985,1991
"130",NA,"BMRD",1985,1991
"131",NA,"BNDS",1985,1991
"132",NA,"BNKP",1985,1991
"133",NA,"BNSE",1985,1991
"134","BOOT","BOO2",1985,1991
"135","BOOT","BOO3",2013,2019
"136","BOOT","BOOC",1985,1991
"137",NA,"BOOT",1985,1991
"138","BOXR","BOX1",2006,2012
"139",NA,"BOXR",1985,1991
"140",NA,"BRAC",1985,1991
"141",NA,"BRAN",1985,1991
"143","BRAC","BRC3",1985,1991
"144","BRAC","BRC4",1985,1991
"146",NA,"BRCH",1985,1991
"147","BRDO","BRD2",1996,2002
"148","BRDO","BRD3",2001,2007
"149",NA,"BRDO",1972,1978
"150",NA,"BREA",1985,1991
"151",NA,"BRIS",1985,1991
"152","BRAN","BRN1",1985,1991
"153",NA,"BTCH",1985,1991
"154",NA,"BTHS",1985,1991
"155",NA,"BTHV",1985,1991
"156",NA,"BTLE",1985,1991
"157",NA,"BTLN",1985,1991
"158",NA,"BTM2",1985,1991
"159",NA,"BTMV",1985,1991
"160","BTTV","BTTC",1985,1991
"161",NA,"BTTV",1985,1991
"162",NA,"BTWO",1985,1991
"163",NA,"BUMI",1985,1991
"164",NA,"BUZL",1985,1991
"166","FB07","C073",1996,2002
"167","FB07","C075",2002,2008
"168","FB07","C076",2005,2011
"169","FB07","C077",2007,2013
"171","FB09","C096",2009,2015
"172","FB11","C114",2012,2018
"174","FB25","C254",1999,2005
"175","FB25","C255",2002,2008
"176","FB25","C258",2011,2017
"177","FB25","C259",2014,2020
"178","FB27","C272",1997,2003
"179","FB27","C273",1999,2005
"180","FB27","C275",2005,2011
"181","FB27","C276",2008,2014
"182","FB29","C295",1996,2002
"183","FB29","C296",1998,2004
"184","FB33","C330",2013,2019
"186","FB33","C335",2000,2006
"187","FB33","C336",2001,2007
"188","FB39","C391",1994,2000
"189","FB54","C546",2004,2010
"190","FB54","C548",2012,2018
"191","FB55","C554",2010,2016
"192","FB55","C555",2012,2018
"193","FB57","C574",1996,2002
"194","FB59","C595",1994,2000
"195","FB59","C596",1998,2004
"196","FB59","C597",2002,2008
"197","FB65","C652",1994,2000
"198","FB65","C655",2011,2017
"199","FB65","C656",2014,2020
"200","FB71","C717",1996,2002
"202","FB75","C755",1996,2002
"204","FB79","C793",1999,2005
"205","FB79","C794",2001,2007
"206","FB79","C795",2004,2010
"207","FB79","C797",2010,2016
"208","FB79","C798",2012,2018
"209","FB83","C834",1992,1998
"210","FB83","C835",1998,2004
"211","FB87","C871",1996,2002
"212","FB87","C872",2005,2011
"213","FB87","C873",2007,2013
"214","FB87","C874",2010,2016
"215","C991","C911",2007,2013
"216","C991","C912",2011,2017
"217","FB93","C931",1998,2004
"218","FB93","C932",2000,2006
"219","FB93","C933",2004,2010
"220","FB93","C935",2009,2015
"221","FB93","C936",2012,2018
"222","FB99","C991",1994,2000
"223",NA,"CAES",1985,1991
"224","CAMB","CAM1",1985,1991
"225",NA,"CATW",1985,1991
"226",NA,"CBTA",1985,1991
"229","F111","CCL6",1999,2005
"231","DRSN","CDS2",1999,2005
"232",NA,"CENT",1985,1991
"233",NA,"CHAD",1985,1991
"234",NA,"CHK2",1985,1991
"235",NA,"CHMA",1985,1991
"236","TRIF","CHOC",1985,1991
"237",NA,"CHSL",1985,1991
"238",NA,"CHTO",1988,1994
"239",NA,"CIER",1985,1991
"240","KNOB","CKB2",1985,1991
"241","LBHL","CL-4841",1985,1991
"242",NA,"CL-4987",1985,1991
"243",NA,"CL-5034",1985,1991
"244",NA,"CL-5063",1985,1991
"245",NA,"CL-5091",1985,1991
"246",NA,"CL-5178",1985,1991
"247",NA,"CL-5192",1985,1991
"248",NA,"CL-5224",1985,1991
"249",NA,"CL-5225",1985,1991
"250",NA,"CL-5464",1985,1991
"251",NA,"CL-5469",1985,1991
"252",NA,"CL-5471",1985,1991
"253",NA,"CL-5472",1985,1991
"254",NA,"CL-5473",1985,1991
"255",NA,"CL-5474",1985,1991
"256","CLAT","CLA2",1985,1991
"257",NA,"CLAT",1985,1991
"258",NA,"CLIF",1985,1991
"259","VLKA","CLJP",1985,1991
"260",NA,"CLUE",1985,1991
"261","MRSL","CMRS",1985,1991
"263",NA,"CONS",1985,1991
"264",NA,"COST",1985,1991
"265","PSDQ","CPS2",1985,1991
"266",NA,"CRAG",1985,1991
"267",NA,"CRKS",1985,1991
"268",NA,"CRUM",1985,1991
"269","SHTC","CSH3",2000,2006
"270",NA,"CSPD",1985,1991
"272","TSMV","CTS2",1996,2002
"273","TSMV","CTS3",1999,2005
"274","TSMV","CTS4",2008,2014
"275","TSMV","CTS5",2014,2020
"277","CATW","CTW1",1985,1991
"278","CATW","CTW2",1985,1991
"280","CWM3","CW32",2012,2018
"281","CWM3","CW3C",2006,2012
"282","WTMA","CWM3",1991,1997
"283","WTMA","CWM4",1995,2001
"285","DABL","DAB1",2010,2016
"286","DABL","DAB2",2013,2019
"287",NA,"DABL",1985,1991
"288","DADA","DAD2",1985,1991
"289",NA,"DADA",1985,1991
"291","DAFT","DAF1",2008,2014
"292","DAFT","DAF2",1985,1991
"293",NA,"DAFT",1985,1991
"294","PLUG","DAIN",1985,1991
"295",NA,"DBHN",1985,1991
"296",NA,"DEDO",1985,1991
"297",NA,"DIGT",1985,1991
"298","DILL","DIL1",1985,1991
"299",NA,"DILL",1985,1991
"300",NA,"DIPT",1973,1979
"301",NA,"DMDI",1985,1991
"302",NA,"DRAC",1985,1991
"303",NA,"DRAY",1985,1991
"304",NA,"DRBY",1985,1991
"305","DRMS","DRM1",1985,1991
"306",NA,"DRMS",1985,1991
"307",NA,"DRSN",1985,1991
"308",NA,"DTHB",1985,1991
"309",NA,"DUDE",1985,1991
"310","EASY","EAS1",2008,2014
"311",NA,"EASY",1985,1991
"312",NA,"EFHT",1985,1991
"313",NA,"ELFF",1985,1991
"314",NA,"ELIP",1985,1991
"315",NA,"EQDT",1985,1991
"317",NA,"ETMA",1985,1991
"319","FB83","F100",1989,1995
"320","F153","F101",1990,1996
"321","F105","F102",1980,1986
"323",NA,"F105",1962,1968
"324","F191","F106",1981,1987
"325",NA,"F107",1984,1990
"326",NA,"F108",1978,1984
"327","FB79","F109",1995,2001
"328",NA,"F110",1984,1990
"329",NA,"F111",1968,1974
"330",NA,"F112",1951,1957
"331","FB90","F113",1996,2002
"332",NA,"F114",1988,1994
"333",NA,"F115",1967,1973
"334",NA,"F116",1961,1967
"335","FB25","F117",1993,1999
"336","FB54","F118",1992,1998
"337","FB37","F119",1991,1997
"338",NA,"F120",1985,1991
"339","FB90","F122",1991,1997
"340","FB15","F123",1998,2004
"341","F119","F125",1998,2004
"342","F129","F126",1985,1991
"343","FB13","F127",1995,2001
"344","F153","F128",1992,1998
"345",NA,"F130",1982,1988
"346","FB59","F131",1988,1994
"347",NA,"F132",1983,1989
"348","FB90","F133",1999,2005
"349",NA,"F134",1982,1988
"350","FB54","F135",2000,2006
"351",NA,"F136",1981,1987
"352","F157","F137",2000,2006
"353","FB63","F138",1992,1998
"354","FB01","F139",2000,2006
"355",NA,"F141",1990,1996
"356",NA,"F142",1992,1998
"357","F111","F144",1995,2001
"358","FB11","F146",1996,2002
"359",NA,"F147",1985,1991
"360","FB54","F148",1996,2002
"361",NA,"F149",1981,1987
"363","F141","F151",2000,2006
"364","F163","F152",1996,2002
"365",NA,"F153",1953,1959
"366",NA,"F154",1963,1969
"367","FB05","F155",1990,1996
"369",NA,"F157",1985,1991
"370","F157","F158",1985,1991
"371","F131","F159",1996,2002
"372",NA,"F160",1979,1985
"373",NA,"F161",1985,1991
"374",NA,"F162",1981,1987
"375",NA,"F163",1971,1977
"376","F161","F164",1989,1995
"377","FB75","F165",1999,2005
"378","F115","F166",1994,2000
"379",NA,"F167",1989,1995
"380",NA,"F169",1999,2005
"381","F167","F171",1998,2004
"382",NA,"F172",1985,1991
"383","FB33","F173",2002,2008
"384",NA,"F174",1964,1970
"385","FB75","F175",1991,1997
"386",NA,"F176",1993,1999
"387","FB09","F177",2002,2008
"388","FB09","F178",1995,2001
"389","FB11","F179",2002,2008
"390",NA,"F180",1988,1994
"391",NA,"F181",1975,1981
"392","F183","F182",1987,1993
"393",NA,"F183",1972,1978
"394","F149","F184",1996,2002
"395",NA,"F185",1985,1991
"396","F157","F186",1996,2002
"397","F101","F187",2003,2009
"398","FB33","F188",1996,2002
"399",NA,"F189",1985,1991
"400","F181","F190",1996,2002
"401",NA,"F191",1985,1991
"402",NA,"F192",1967,1973
"403",NA,"F193",1984,1990
"404",NA,"F194",1974,1980
"405",NA,"F195",1969,1975
"406","F101","F196",1998,2004
"407","F155","F197",2003,2009
"408","FB25","F198",1996,2002
"409","WAND","F199",2002,2008
"410",NA,"F200",1985,1991
"411","F193","F201",2005,2011
"412",NA,"F202",1981,1987
"413","F149","F203",2000,2006
"414","F155","F205",2006,2012
"415","F175","F207",2005,2011
"416","FB55","F209",2004,2010
"417",NA,"F210",1985,1991
"418","F127","F211",2005,2011
"419","FB03","F212",1999,2005
"420","FB55","F213",2007,2013
"421","FB09","F214",1999,2005
"422","FB99","F215",2000,2006
"423","F163","F216",1998,2004
"424","F141","F217",2007,2013
"425","FB55","F218",1999,2005
"426","49LA","F219",1995,2001
"427","FB07","F220",1999,2005
"428","FB25","F221",2009,2015
"429","F131","F222",1999,2005
"430","F225","F223",2001,2007
"431","FB27","F224",2002,2008
"432",NA,"F225",1985,1991
"433","F175","F226",2002,2008
"434","FB09","F227",2005,2011
"435","FB65","F228",1999,2005
"436","FB54","F229",2008,2014
"437","F181","F230",2002,2008
"438",NA,"F231",1984,1990
"439","FB75","F232",2002,2008
"440","F159","F233",2010,2016
"441",NA,"F234",1999,2005
"442","F137","F235",2010,2016
"443",NA,"F236",1994,2000
"444",NA,"F237",1982,1988
"445","F119","F238",2002,2008
"446","F237","F239",2010,2016
"447","F157","F240",2004,2010
"448","FB65","F241",2007,2013
"449",NA,"F242",1990,1996
"450","F197","F243",2012,2018
"451","F113","F244",2004,2010
"452","F133","F245",2012,2018
"453","FB90","F246",2004,2010
"454","F175","F247",2012,2018
"455","SBDO","F248",1998,2004
"456","F185","F249",2011,2017
"457","FB11","F250",2005,2011
"458","FB93","F252",2006,2012
"459",NA,"F254",1989,1995
"460","F125","F256",2007,2013
"461",NA,"F258",1993,1999
"462","F231","F260",2008,2014
"463","FB25","F262",2006,2012
"464","F127","F264",2008,2014
"465","FB79","F266",2007,2013
"466",NA,"F268",1993,1999
"467","FB90","F270",2009,2015
"468","F155","F272",2009,2015
"469","F113","F274",2010,2016
"470","FB35","F276",1992,1998
"471","FB07","F278",2010,2016
"472","F187","F280",2010,2016
"473","FB33","F282",2008,2014
"474","FB27","F284",2011,2017
"475",NA,"F301",1985,1991
"477",NA,"FAST",1985,1991
"478","FB43","FB01",1991,1997
"479","FB59","FB02",1991,1997
"480","FB19","FB03",1989,1995
"481",NA,"FB05",1963,1969
"482","FB71","FB06",1984,1990
"483","FB84","FB07",1984,1990
"485","FB63","FB09",1984,1990
"486","FB63","FB10",1981,1987
"487","FB19","FB11",1984,1990
"488",NA,"FB12",1959,1965
"489",NA,"FB13",1959,1965
"490",NA,"FB14",1973,1979
"491",NA,"FB15",1950,1956
"492",NA,"FB17",1961,1967
"494","F111","FB20",1989,1995
"495","FB15","FB23",1989,1995
"496","FB35","FB24",1989,1995
"497",NA,"FB25",1978,1984
"498",NA,"FB26",1957,1963
"499",NA,"FB27",1978,1984
"500",NA,"FB28",1965,1971
"501",NA,"FB29",1963,1969
"502","FB05","FB32",1980,1986
"503","FB51","FB33",1982,1988
"504","FB73","FB34",1975,1981
"505",NA,"FB35",1956,1962
"506",NA,"FB36",1972,1978
"507",NA,"FB38",1974,1980
"508",NA,"FB39",1980,1986
"509",NA,"FB41",1959,1965
"510",NA,"FB43",1966,1972
"511",NA,"FB44",1973,1979
"512",NA,"FB46",1978,1984
"513",NA,"FB48",1959,1965
"516",NA,"FB54",1971,1977
"517","FB05","FB55",1986,1992
"518",NA,"FB57",1952,1958
"519",NA,"FB58",1964,1970
"520","FB19","FB59",1974,1980
"521",NA,"FB60",1960,1966
"522","FB63","FB62",1973,1979
"523",NA,"FB63",1954,1960
"524","FB67","FB65",1983,1989
"525",NA,"FB66",1976,1982
"526",NA,"FB68",1976,1982
"527",NA,"FB70",1985,1991
"528",NA,"FB71",1961,1967
"529",NA,"FB73",1985,1991
"530",NA,"FB75",1974,1980
"531",NA,"FB76",1977,1983
"532",NA,"FB78",1972,1978
"533",NA,"FB79",1979,1985
"534",NA,"FB83",1950,1956
"535",NA,"FB84",1958,1964
"536",NA,"FB87",1977,1983
"537",NA,"FB89",1971,1977
"538",NA,"FB90",1970,1976
"539","FB84","FB92",1988,1994
"540","FB35","FB93",1985,1991
"541",NA,"FB94",1970,1976
"542",NA,"FB96",1958,1964
"543",NA,"FB98",1953,1959
"544",NA,"FB99",1987,1993
"545",NA,"FEAT",1985,1991
"546",NA,"FINS",1985,1991
"548",NA,"FJSL",1985,1991
"549",NA,"FLBB",1985,1991
"550",NA,"FLCR",1985,1991
"551",NA,"FLDG",1985,1991
"552",NA,"FLEA",1985,1991
"553",NA,"FLTP",1985,1991
"554",NA,"FNIS",1985,1991
"555",NA,"FRGG",1985,1991
"556",NA,"FRGI",1985,1991
"557","FRNG","FRN2",1985,1991
"558","FRNG","FRN3",1985,1991
"559","FRNG","FRNC",1985,1991
"560",NA,"FRNG",1985,1991
"561",NA,"FRNZ",1985,1991
"562",NA,"FRPT",1985,1991
"563",NA,"FTHS",1985,1991
"564",NA,"FTLB",1985,1991
"565",NA,"FUDD",1985,1991
"566","FZJS","FZJ1",2008,2014
"567","FZJS","FZJ2",1985,1991
"568",NA,"FZJS",1985,1991
"569",NA,"GLOS",1985,1991
"570",NA,"GPHK",1985,1991
"571",NA,"GPPY",1985,1991
"572",NA,"GRC1",1985,1991
"573",NA,"GRC2",1985,1991
"574",NA,"GRGO",1985,1991
"575",NA,"GRPS",1985,1991
"576","GRWW","GRW1",1985,1991
"577","GRWW","GRW2",2007,2013
"578","GRWW","GRW3",1985,1991
"579",NA,"GRWW",1985,1991
"580",NA,"GSKN",1985,1991
"581",NA,"GTFG",1985,1991
"582",NA,"GWEN",1985,1991
"584",NA,"HAAK",1985,1991
"585",NA,"HAIR",1985,1991
"586",NA,"HAMM",1985,1991
"587",NA,"HAN2",1985,1991
"589",NA,"HANG",1985,1991
"590","F237","HAWC",1999,2005
"591",NA,"HBM1",2001,2007
"592","HBMB","HBM2",1985,1991
"593","HBMB","HBM3",2009,2015
"594","HBMB","HBM4",1985,1991
"595",NA,"HBMB",1985,1991
"596",NA,"HBUT",1985,1991
"597",NA,"HDMM",1985,1991
"598",NA,"HDSK",1985,1991
"600",NA,"HFLT",1985,1991
"601",NA,"HILB",1985,1991
"602","HIPM","HIPC",1985,1991
"603",NA,"HIPM",1985,1991
"604",NA,"HIQQ",1985,1991
"605",NA,"HITS",1985,1991
"606","HAIR","HLP3",2009,2015
"607","HAIR","HLP4",2010,2016
"608","HAIR","HLPC",2000,2006
"609","HMLT","HML2",1985,1991
"610","HMLT","HMLC",1985,1991
"611",NA,"HMLS",1985,1991
"612","TSMV","HMLT",1985,1991
"613","HMMM","HMMC",2005,2011
"614",NA,"HMMM",1985,1991
"615",NA,"HMTN",1985,1991
"616","HNBT","HNB2",1985,1991
"618",NA,"HNBT",1985,1991
"619",NA,"HNSC",1985,1991
"620","HOKA","HOK1",1985,1991
"621","HOKA","HOK2",1985,1991
"622",NA,"HOKA",1985,1991
"623",NA,"HOOV",1985,1991
"624","HOVA","HOV2",1985,1991
"625",NA,"HOVA",1985,1991
"626","HOVA","HOVC",2005,2011
"628",NA,"HPLA",1985,1991
"629",NA,"HRDM",1985,1991
"631","HSNS","HSN2",1985,1991
"632","HSNS","HSN3",2008,2014
"633","HSNS","HSN4",2012,2018
"635",NA,"HSNS",1985,1991
"636",NA,"HUCK",1985,1991
"637",NA,"HUEY",1985,1991
"638",NA,"HVMS",1985,1991
"639","F237","HWK2",2004,2010
"640","F237","HWK3",2007,2013
"641","IKNO","IKN2",1997,2003
"642","IKNO","IKNC",1985,1991
"643",NA,"IKNO",1981,1987
"644",NA,"J001",1985,1991
"645",NA,"J007",1985,1991
"646",NA,"JADE",1985,1991
"647",NA,"JAGG",1985,1991
"648",NA,"JAGR",1985,1991
"649","PNTB","JAMM",1985,1991
"650",NA,"JAWS",1985,1991
"653",NA,"JBAK",1985,1991
"654",NA,"JELY",1985,1991
"655","SCSM","JETY",1985,1991
"656","JGLD","JGL1",2008,2014
"657","JGLD","JGL2",1985,1991
"658",NA,"JGLD",1985,1991
"659",NA,"JIG3",1985,1991
"660",NA,"JOJO",1985,1991
"661","JOSE","JOSC",1997,2003
"662",NA,"JOSE",1972,1978
"663",NA,"KMBT",1985,1991
"665",NA,"KNIK",1985,1991
"666","KNNN","KNNC",1985,1991
"667",NA,"KNNN",1985,1991
"668",NA,"KNOB",1985,1991
"669",NA,"KNOR",1985,1991
"670",NA,"KNSY",1985,1991
"671",NA,"KOKO",1985,1991
"672",NA,"KRSN",1985,1991
"673",NA,"L108",1985,1991
"674",NA,"L160",1985,1991
"675",NA,"LACH",1985,1991
"676",NA,"LAT2",1985,1991
"678",NA,"LBHL",1985,1991
"679",NA,"LBLD",1985,1991
"680",NA,"LBLK",1985,1991
"681",NA,"LBLS",1985,1991
"682",NA,"LBMA",1985,1991
"683",NA,"LBMN",1985,1991
"684","LBLS","LBSC",1985,1991
"685",NA,"LBSL",1985,1991
"686","LBTY","LBT1",1985,1991
"687",NA,"LBTY",1985,1991
"688",NA,"LCDB",1985,1991
"690",NA,"LCKL",1985,1991
"691","LDBP","LDB1",1985,1991
"692",NA,"LDBP",1985,1991
"694","LDMA","LDM3",1985,1991
"695",NA,"LDMA",1985,1991
"696",NA,"LDNK",1985,1991
"698","M145","LEON",1997,2003
"699",NA,"LFLG",1985,1991
"700","MTMN","LGSC",1985,1991
"701",NA,"LHLV",1985,1991
"703",NA,"LITT",1985,1991
"705","LIZD","LIZ1",2008,2014
"706","SHTC","LIZD",1985,1991
"707",NA,"LLLN",1985,1991
"708",NA,"LNBT",1985,1991
"709","LNPC","LNC2",2011,2017
"710","LNPC","LNC3",2014,2020
"711","LNPC","LNCC",2006,2012
"712","LNLD","LNL1",2011,2017
"713",NA,"LNLD",1985,1991
"714","LNPF","LNPC",1985,1991
"715",NA,"LNPF",1985,1991
"716",NA,"LNST",1985,1991
"717",NA,"LOBE",1985,1991
"718",NA,"LONE",1985,1991
"719","LOTB","LOT1",2000,2006
"720","LOTB","LOT2",2005,2011
"721","LOTB","LOT3",1985,1991
"722","LOTB","LOT4",1985,1991
"723",NA,"LOTB",1985,1991
"724",NA,"LRBD",1985,1991
"726",NA,"LSPL",1985,1991
"727",NA,"LSPO",1985,1991
"728",NA,"LTET",1985,1991
"729","LTSM","LTS2",1985,1991
"730",NA,"LTSM",1985,1991
"732",NA,"LWHP",1985,1991
"733",NA,"LWMN",1985,1991
"734","LWPT","LWP1",2004,2010
"735","LWPT","LWP2",2008,2014
"736",NA,"LWPT",1985,1991
"737",NA,"LYFN",1985,1991
"738",NA,"LYLU",1985,1991
"739",NA,"M145",1985,1991
"740",NA,"M164",1985,1991
"741","MANT","MAN1",1985,1991
"742","MANT","MAN2",1985,1991
"743","MANT","MAN3",1985,1991
"744",NA,"MANT",1985,1991
"745",NA,"MARX",1985,1991
"746",NA,"MAUD",1985,1991
"747",NA,"MBAB",1985,1991
"749","MCMA","MCM2",1994,2000
"750","MCMA","MCM3",1999,2005
"751",NA,"MCMA",1985,1991
"752",NA,"MDLB",1985,1991
"753",NA,"MDNK",1985,1991
"754",NA,"MDPK",1985,1991
"755",NA,"MDSQ",1985,1991
"756",NA,"MEAD",1985,1991
"757",NA,"MHBT",1985,1991
"758",NA,"MIDF",1985,1991
"759",NA,"MIDM",1985,1991
"760","MJMA","MJM2",1998,2004
"761",NA,"MLOB",1985,1991
"762","MLOB","MLOC",1985,1991
"763",NA,"MLTS",1985,1991
"764",NA,"MLVN",1985,1991
"765",NA,"MM62",1985,1991
"767",NA,"MM72",1985,1991
"768","MNCB","MNC2",1985,1991
"769",NA,"MNCB",1985,1991
"770","MNIK","MNIC",1998,2004
"771",NA,"MNIK",1985,1991
"772",NA,"MOCH",1985,1991
"773",NA,"MOLA",1985,1991
"774",NA,"MOML",1985,1991
"775",NA,"MOOY",1985,1991
"776",NA,"MORB",1985,1991
"778",NA,"MORN",1985,1991
"779",NA,"MPTB",1985,1991
"780",NA,"MRMS",1985,1991
"781","MORN","MRN2",1985,1991
"782",NA,"MSLB",1985,1991
"783",NA,"MSQ2",1985,1991
"784",NA,"MSQL",1985,1991
"785",NA,"MSR2",1985,1991
"786","MSUM","MSUC",1991,1997
"787",NA,"MSUM",1985,1991
"788","MTBG","MTB1",1985,1991
"789",NA,"MTBG",1985,1991
"790",NA,"MTEL",1985,1991
"791",NA,"MTHR",1985,1991
"792",NA,"MTLR",1985,1991
"793",NA,"MTMN",1985,1991
"794",NA,"MTSS",1985,1991
"795",NA,"MTWO",1985,1991
"796",NA,"MUBT",1985,1991
"797",NA,"MVON",1985,1991
"798",NA,"MYST",1985,1991
"799",NA,"NACK",1985,1991
"800",NA,"NADW",1985,1991
"801","PNTB","NANA",2014,2020
"802",NA,"NHNK",1985,1991
"803",NA,"NIB2",1985,1991
"804",NA,"NIGT",1985,1991
"805",NA,"NIK2",1985,1991
"806","NIPN","NIP2",1985,1991
"807",NA,"NIPP",1985,1991
"808",NA,"NKAL",1985,1991
"809","NKLN","NKL2",1985,1991
"810",NA,"NKLD",1985,1991
"811",NA,"NKLN",1985,1991
"813",NA,"NKNN",1985,1991
"814","NKSH","NKS1",1985,1991
"815",NA,"NKSH",1985,1991
"816",NA,"NLPS",1985,1991
"817",NA,"NOMS",1985,1991
"818","NPKR","NPK1",2007,2013
"819","NPK1","NPKR",1985,1991
"820",NA,"OIEA",1985,1991
"821",NA,"OINK",1985,1991
"822",NA,"OPAL",1985,1991
"823",NA,"OPTP",1985,1991
"824",NA,"ORNG",1985,1991
"825",NA,"OTH_1083",1985,1991
"826",NA,"OTH_183",1985,1991
"827",NA,"OTH_230",1985,1991
"829",NA,"OTH_295",1985,1991
"830",NA,"OTH_376",1985,1991
"831",NA,"OTH_378",1985,1991
"833",NA,"OTH_441",1985,1991
"834",NA,"OTH_456",1985,1991
"835",NA,"OTH_487",1985,1991
"836",NA,"OTH_503",1985,1991
"837",NA,"OTH_506",1985,1991
"838",NA,"OTH_519",1985,1991
"839",NA,"OTH_561",1985,1991
"840",NA,"OTH_590",1985,1991
"841",NA,"OTH_591",1985,1991
"842",NA,"OTH_597",1985,1991
"843",NA,"OTH_601",1985,1991
"844",NA,"OTH_602",1985,1991
"846",NA,"OTH_605",1985,1991
"847",NA,"OTH_606",1985,1991
"848",NA,"OTH_607",1985,1991
"849",NA,"OTH_609",1985,1991
"850",NA,"OTH_610",1985,1991
"851",NA,"OTH_612",1985,1991
"852",NA,"OTH_702",1985,1991
"853",NA,"OTH_707",1985,1991
"854",NA,"OTH_894",1985,1991
"855",NA,"OTH_906",1985,1991
"856",NA,"OTH_984",1985,1991
"857","PSC3","P3C1",1985,1991
"858","PSC3","P3C2",1985,1991
"859",NA,"P3SP",1985,1991
"860","F231","PAL1",1985,1991
"861",NA,"PDFT",1985,1991
"862",NA,"PECK",1985,1991
"863",NA,"PHIL",1985,1991
"864",NA,"PHIN",1985,1991
"865","PHIL","PHL1",2004,2010
"866","PHIL","PHL2",1985,1991
"867",NA,"PHNE",1985,1991
"868","PILA","PIL1",2004,2010
"869",NA,"PILA",1985,1991
"871",NA,"PITA",1985,1991
"872","PLUG","PLG2",1985,1991
"875",NA,"PLUG",1985,1991
"876",NA,"PMID",1985,1991
"877",NA,"PMTI",1985,1991
"878",NA,"PN04",1985,1991
"879",NA,"PN05",1985,1991
"880","PNBT","PNB2",1985,1991
"881","PNBT","PNB3",1985,1991
"882","PNBT","PNBC",2006,2012
"883",NA,"PNBS",1985,1991
"884",NA,"PNBT",1985,1991
"885",NA,"PNGS",1985,1991
"886",NA,"PNKD",1985,1991
"888",NA,"PNTB",1985,1991
"889",NA,"POCO",1985,1991
"891",NA,"POLV",1985,1991
"892",NA,"POOF",1985,1991
"893",NA,"PORT",1985,1991
"894","PPSL","PPS1",1985,1991
"895",NA,"PPSL",1985,1991
"896","PRFR","PRF2",1985,1991
"897","PRFR","PRF3",1985,1991
"898","PRFR","PRF4",1985,1991
"899","PRFR","PRFC",1985,1991
"900",NA,"PRFR",1985,1991
"901",NA,"PRN2",1985,1991
"902",NA,"PROF",1985,1991
"903",NA,"PRST",1985,1991
"904","PSBZ","PSB2",1985,1991
"905",NA,"PSBZ",1985,1991
"906","PSDQ","PSC3",1985,1991
"907","PSDQ","PSC4",1999,2005
"908","PSDQ","PSC5",2005,2011
"909","PSDQ","PSC6",2009,2015
"910","PSDQ","PSC7",2013,2019
"911","PSDZ","PSD2",1985,1991
"913",NA,"PSDQ",1985,1991
"915",NA,"PUMP",1985,1991
"916",NA,"Q5LA",1985,1991
"917","TSMV","QECD",1999,2005
"918",NA,"QUIN",1985,1991
"919",NA,"R27L",1985,1991
"921","SBUK","RCCR",1985,1991
"922","RCNM","RCN2",1985,1991
"923",NA,"RCNM",1985,1991
"924","FUHU","RFIO",1985,1991
"925",NA,"RFNT",1985,1991
"926",NA,"RLTY",1985,1991
"927",NA,"RMPL",1985,1991
"928",NA,"RMUS",1985,1991
"929",NA,"ROOS",1985,1991
"930",NA,"ROSS",1985,1991
"931",NA,"RPIA",1985,1991
"932","BRDO","RPPL",1989,1995
"933",NA,"RSFG",1985,1991
"934",NA,"RT90",1985,1991
"935","RT90","RT92",1985,1991
"936","RTMW","RTM2",1997,2003
"937","RTMW","RTM3",2004,2010
"938","RTMW","RTM4",2009,2015
"939","RTMW","RTM5",2012,2018
"941",NA,"RTMW",1985,1991
"942",NA,"RUBB",1985,1991
"943",NA,"RUF2",1985,1991
"944",NA,"RUFF",1985,1991
"945",NA,"RY34",1985,1991
"946",NA,"RZLR",1985,1991
"947",NA,"SBDO",1985,1991
"948",NA,"SBOK",1985,1991
"949",NA,"SBPE",1985,1991
"950",NA,"SBPN",1985,1991
"951",NA,"SBUK",1985,1991
"952",NA,"SCBT",1985,1991
"953",NA,"SCNE",1985,1991
"954",NA,"SCOR",1985,1991
"955","SCSM","SCS1",2005,2011
"956","SCSM","SCS2",2007,2013
"957",NA,"SCSM",1985,1991
"958",NA,"SCTN",1985,1991
"959",NA,"SCUP",1985,1991
"960",NA,"SDSW",1985,1991
"961","SETE","SEE1",1985,1991
"962",NA,"SEWL",1985,1991
"963",NA,"SGDM",1985,1991
"964","SGLA","SGL1",1985,1991
"965",NA,"SGLA",1985,1991
"966",NA,"SGPP",1985,1991
"967","DUDE","SHBT",2004,2010
"968",NA,"SHNU",1985,1991
"969",NA,"SHOT",1985,1991
"970",NA,"SHTC",1985,1991
"971","SIMP","SIM1",2007,2013
"972","SIMP","SIM2",1985,1991
"973",NA,"SIMP",1985,1991
"974",NA,"SKYE",1985,1991
"975",NA,"SLIT",1985,1991
"976","SLJY","SLJ1",1985,1991
"977",NA,"SLJY",1985,1991
"978",NA,"SLLA",1985,1991
"979",NA,"SLMS",1985,1991
"980",NA,"SMUS",1985,1991
"981",NA,"SNOT",1985,1991
"982",NA,"SOFA",1985,1991
"983",NA,"SOGG",1985,1991
"984",NA,"SOLB",1985,1991
"985",NA,"SOLS",1985,1991
"986",NA,"SOPO",1985,1991
"987",NA,"SPAC",1985,1991
"988",NA,"SPEC",1985,1991
"989",NA,"SPIK",1985,1991
"990",NA,"SPLA",1985,1991
"992",NA,"SPTL",1985,1991
"993",NA,"SQBT",1985,1991
"994",NA,"SRDO",1985,1991
"995",NA,"SRFR",1985,1991
"996",NA,"SSHK",1985,1991
"997","STEW","STE1",2007,2013
"998","STEW","STE2",1985,1991
"999",NA,"STEW",1985,1991
"1000",NA,"STKY",1985,1991
"1001",NA,"STLB",1985,1991
"1002",NA,"STMN",1985,1991
"1003",NA,"STWR",1985,1991
"1004",NA,"SUFL",1985,1991
"1005",NA,"SUMO",1985,1991
"1006",NA,"SURR",1985,1991
"1007","GITR","TABB",1985,1991
"1008","TAL2","TAC2",1985,1991
"1009",NA,"TAL2",1985,1991
"1010",NA,"TAL3",1985,1991
"1013",NA,"TBEL",1985,1991
"1014",NA,"TBTN",1985,1991
"1015","TCTV","TCT1",2008,2014
"1016",NA,"TCTV",1985,1991
"1017","TDTL","TDT2",1985,1991
"1018","TDTL","TDTC",2006,2012
"1019",NA,"TDTL",1985,1991
"1020",NA,"TEEN",1985,1991
"1021",NA,"TEKK",1985,1991
"1022","ULYS","TELE",1985,1991
"1025",NA,"TFMS",1985,1991
"1026",NA,"THAL",1985,1991
"1027",NA,"THMN",1985,1991
"1028",NA,"THNM",1985,1991
"1029","THOR","THOC",1985,1991
"1030",NA,"THOR",1985,1991
"1031",NA,"THRS",1985,1991
"1032",NA,"THTH",1985,1991
"1033",NA,"THUB",1985,1991
"1034",NA,"TIGR",1985,1991
"1035","MYST","TKID",1985,1991
"1037",NA,"TMHK",1985,1991
"1038","TMLT","TML1",1985,1991
"1039",NA,"TMLT",1985,1991
"1040",NA,"TMSP",1985,1991
"1041",NA,"TNBP",1985,1991
"1042",NA,"TNFG",1985,1991
"1043",NA,"TNSC",1985,1991
"1044",NA,"TNSL",1985,1991
"1045",NA,"TONG",1985,1991
"1046",NA,"TOT2",1985,1991
"1047",NA,"TPOT",1985,1991
"1048",NA,"TREX",1985,1991
"1050",NA,"TRIF",1985,1991
"1051",NA,"TRIM",1985,1991
"1052",NA,"TRLI",1985,1991
"1053","TRIM","TRM1",1985,1991
"1054",NA,"TRNO",1985,1991
"1055",NA,"TRTA",1985,1991
"1056",NA,"TSMV",1985,1991
"1057",NA,"TTA2",1985,1991
"1058",NA,"TTM3",1985,1991
"1059",NA,"TTOO",1985,1991
"1060",NA,"TUPE",1985,1991
"1061",NA,"TWHN",1985,1991
"1062",NA,"UFSK",1985,1991
"1063",NA,"ULRU",1985,1991
"1064",NA,"ULTA",1985,1991
"1065","ULYS","ULY2",2006,2012
"1066","ULYS","ULY3",2009,2015
"1067","ULYS","ULY4",1985,1991
"1068",NA,"ULYS",1985,1991
"1069","UNDG","UND1",1985,1991
"1070","UNDG","UND2",1985,1991
"1071",NA,"UNDG",1985,1991
"1072",NA,"UNLR",1985,1991
"1073",NA,"UPBK",1985,1991
"1074",NA,"URLN",1985,1991
"1075",NA,"USLN",1985,1991
"1076",NA,"VAIL",1985,1991
"1077",NA,"VANB",1985,1991
"1078",NA,"VCRO",1998,2004
"1079",NA,"VCUM",1985,1991
"1080",NA,"VIVA",1985,1991
"1081",NA,"VIZZ",1985,1991
"1082",NA,"VLKA",1985,1991
"1083",NA,"VNGL",1985,1991
"1084",NA,"VOLD",1985,1991
"1085",NA,"VRIP",1985,1991
"1086",NA,"VRLA",1985,1991
"1087","VSTH","VST2",1985,1991
"1088","VSTH","VSTC",2006,2012
"1089",NA,"VSTH",1985,1991
"1090",NA,"VTHN",1985,1991
"1091",NA,"WALT",1985,1991
"1092","WAND","WAN1",1985,1991
"1093",NA,"WAND",1985,1991
"1094",NA,"WEBS",1985,1991
"1095","PRFR","WEEZ",1985,1991
"1096","WENT","WEN1",2013,2019
"1097",NA,"WENT",1985,1991
"1098",NA,"WHAT",1985,1991
"1099",NA,"WHIT",1985,1991
"1100",NA,"WHMR",1985,1991
"1101",NA,"WHOO",1985,1991
"1102",NA,"WHTS",1985,1991
"1103",NA,"WHYY",1985,1991
"1104",NA,"WIFF",1985,1991
"1105",NA,"WILL",1985,1991
"1106","WINN","WIN1",1985,1991
"1107",NA,"WINE",1985,1991
"1108",NA,"WINN",1985,1991
"1109",NA,"WINS",1985,1991
"1110",NA,"WLDC",1985,1991
"1111",NA,"WLET",1985,1991
"1112",NA,"WLFL",1985,1991
"1113",NA,"WORM",1985,1991
"1114",NA,"WRTH",1985,1991
"1115",NA,"WTAB",1985,1991
"1116",NA,"WTKN",1985,1991
"1117",NA,"WTMA",1985,1991
"1118",NA,"WTMS",1985,1991
"1119",NA,"WVLT",1985,1991
"1120","HAIR","WWJD",2004,2010
"1121",NA,"XERX",1985,1991
"1122",NA,"XYLO",1985,1991
"1123",NA,"YANK",1985,1991
"1124",NA,"YELP",1985,1991
"1125",NA,"YIKE",1985,1991
"1126","OXEN","YOKE",1985,1991
"1127",NA,"ZBRA",1985,1991
"1128","ZEDM","ZEDC",1985,1991
"1129","ZELD","ZEL1",2000,2006
"1130","ZELD","ZEL2",1985,1991
"1131","ZELD","ZEL3",1985,1991
"1132","ZELD","ZEL4",1985,1991
"1133",NA,"ZELD",1985,1991
"1134",NA,"ZENN",1985,1991
"1135",NA,"ZIPP",1985,1991
"1137",NA,"ZOOK",1985,1991
"1138","ZIPP","ZPP1",2008,2014
"1139","ZRBA","ZRB2",2007,2013
"1140",NA,"ZRBA",1985,1991
"1141","ZRBA","ZRBC",1999,2005
"1142",NA,"ZULU",1985,1991
