"","trial","id","time","t_end"
"1",1,"1054",43,42
"2",1,"1091",43,42
"3",1,"1092",38,42
"4",1,"1093",43,42
"5",1,"1132",43,42
"6",1,"1134",43,42
"7",1,"1135",43,42
"8",1,"1231",41,42
"9",1,"1251",43,42
"10",1,"1253",43,42
"11",1,"1313",43,42
"12",1,"1314",43,42
"13",1,"1315",29,42
"14",1,"1316",38,42
"15",1,"1317",43,42
"16",1,"1351",43,42
"17",1,"1373",43,42
"18",1,"1412",43,42
"19",1,"1414",43,42
"20",1,"1415",43,42
"21",1,"1452",43,42
"22",1,"1453",43,42
"23",1,"1454",43,42
"24",1,"1455",43,42
"25",1,"1456",43,42
"26",1,"1457",43,42
"27",1,"1494",43,42
"28",1,"1495",43,42
"29",1,"1496",43,42
"30",1,"1511",43,42
"31",1,"1535",8,42
"32",1,"1536",43,42
"33",1,"1551",43,42
"34",1,"1555",43,42
"35",1,"1556",40,42
"36",1,"1575",43,42
"37",1,"1591",43,42
"38",1,"1593",43,42
"39",1,"1651",43,42
"40",1,"1672",43,42
"41",1,"1673",43,42
"42",1,"1674",43,42
"43",1,"1711",43,42
"44",1,"1753",23,42
"45",1,"1791",43,42
"46",1,"1813",43,42
"47",1,"1832",4,42
"48",1,"1833",43,42
"49",1,"1834",43,42
"50",1,"1991",43,42
"51",1,"1992",43,42
"52",1,"2071",43,42
"53",1,"2091",43,42
"54",1,"2102",43,42
"55",1,"2151",43,42
"56",1,"2152",43,42
"57",1,"2193",43,42
"58",1,"2194",43,42
"59",1,"2231",43,42
"60",1,"2252",43,42
"61",1,"2253",43,42
"62",1,"226C",43,42
"63",1,"2271",43,42
"64",1,"2313",43,42
"65",1,"2SCT",43,42
"66",1,"2SDN",43,42
"67",1,"2XUU",43,42
"68",1,"2YEL",43,42
"69",1,"49IS",43,42
"70",1,"49LA",43,42
"71",1,"4C42",43,42
"72",1,"4C4C",43,42
"73",1,"AARD",43,42
"74",1,"AAXE",43,42
"75",1,"ABGL",43,42
"76",1,"ALH2",43,42
"77",1,"ALH3",43,42
"78",1,"ALHK",43,42
"79",1,"ALKC",43,42
"80",1,"ALOT",43,42
"81",1,"AMTS",43,42
"82",1,"AMV1",43,42
"83",1,"AMVM",43,42
"84",1,"APEM",43,42
"85",1,"APLO",43,42
"86",1,"ARCE",43,42
"87",1,"ARRC",43,42
"88",1,"ARRR",43,42
"89",1,"ASPK",43,42
"90",1,"ATMM",43,42
"91",1,"ATNA",43,42
"92",1,"ATRD",43,42
"93",1,"B026",43,42
"94",1,"B032",43,42
"95",1,"B033",43,42
"96",1,"B053",25,42
"97",1,"B207",33,42
"98",1,"B226",43,42
"99",1,"B531",43,42
"100",1,"BASH",43,42
"101",1,"BBL2",43,42
"102",1,"BBL3",43,42
"103",1,"BBLN",43,42
"104",1,"BBMM",43,42
"105",1,"BDSP",43,42
"106",1,"BEAN",43,42
"107",1,"BEGR",43,42
"108",1,"BESR",43,42
"109",1,"BEWT",43,42
"110",1,"BGET",43,42
"111",1,"BGSQ",43,42
"112",1,"BIK1",43,42
"113",1,"BIK2",43,42
"114",1,"BIKO",43,42
"115",1,"BKH1",43,42
"116",1,"BKH2",43,42
"117",1,"BKH3",43,42
"118",1,"BKHO",43,42
"119",1,"BKTL",43,42
"120",1,"BKTS",43,42
"121",1,"BKUS",43,42
"122",1,"BLNK",43,42
"123",1,"BLTR",43,42
"124",1,"BMRD",43,42
"125",1,"BNDS",43,42
"126",1,"BNKP",43,42
"127",1,"BNSE",43,42
"128",1,"BOO2",43,42
"129",1,"BOO3",43,42
"130",1,"BOOC",43,42
"131",1,"BOOT",43,42
"132",1,"BOX1",43,42
"133",1,"BOXR",43,42
"134",1,"BRAC",43,42
"135",1,"BRAN",43,42
"136",1,"BRC3",43,42
"137",1,"BRC4",43,42
"138",1,"BRD2",43,42
"139",1,"BRD3",43,42
"140",1,"BRDO",43,42
"141",1,"BREA",43,42
"142",1,"BRIS",43,42
"143",1,"BRN1",43,42
"144",1,"BTCH",43,42
"145",1,"BTHS",43,42
"146",1,"BTLN",43,42
"147",1,"BTM2",43,42
"148",1,"BTMV",43,42
"149",1,"BTTC",43,42
"150",1,"BTTV",43,42
"151",1,"BTWO",43,42
"152",1,"BUMI",43,42
"153",1,"BUZL",43,42
"154",1,"C073",43,42
"155",1,"C075",43,42
"156",1,"C076",43,42
"157",1,"C077",43,42
"158",1,"C096",43,42
"159",1,"C114",43,42
"160",1,"C254",43,42
"161",1,"C255",43,42
"162",1,"C258",43,42
"163",1,"C259",43,42
"164",1,"C272",43,42
"165",1,"C273",43,42
"166",1,"C275",43,42
"167",1,"C276",43,42
"168",1,"C295",43,42
"169",1,"C296",43,42
"170",1,"C330",36,42
"171",1,"C335",43,42
"172",1,"C336",43,42
"173",1,"C391",43,42
"174",1,"C546",43,42
"175",1,"C548",43,42
"176",1,"C554",43,42
"177",1,"C555",43,42
"178",1,"C574",43,42
"179",1,"C595",43,42
"180",1,"C596",43,42
"181",1,"C597",43,42
"182",1,"C652",43,42
"183",1,"C655",43,42
"184",1,"C656",43,42
"185",1,"C717",43,42
"186",1,"C755",43,42
"187",1,"C793",43,42
"188",1,"C794",43,42
"189",1,"C795",43,42
"190",1,"C797",43,42
"191",1,"C798",43,42
"192",1,"C834",32,42
"193",1,"C835",43,42
"194",1,"C871",43,42
"195",1,"C872",43,42
"196",1,"C873",43,42
"197",1,"C874",43,42
"198",1,"C911",23,42
"199",1,"C912",43,42
"200",1,"C931",43,42
"201",1,"C932",43,42
"202",1,"C933",43,42
"203",1,"C935",37,42
"204",1,"C936",43,42
"205",1,"C991",23,42
"206",1,"CAES",43,42
"207",1,"CAM1",43,42
"208",1,"CATW",43,42
"209",1,"CBTA",43,42
"210",1,"CCL6",43,42
"211",1,"CDS2",43,42
"212",1,"CENT",43,42
"213",1,"CHAD",43,42
"214",1,"CHMA",43,42
"215",1,"CHOC",43,42
"216",1,"CHSL",43,42
"217",1,"CHTO",43,42
"218",1,"CIER",43,42
"219",1,"CL-4841",43,42
"220",1,"CL-4987",43,42
"221",1,"CL-5034",43,42
"222",1,"CL-5063",43,42
"223",1,"CL-5091",43,42
"224",1,"CL-5178",43,42
"225",1,"CL-5192",43,42
"226",1,"CL-5224",43,42
"227",1,"CL-5225",43,42
"228",1,"CL-5464",43,42
"229",1,"CL-5469",43,42
"230",1,"CL-5471",43,42
"231",1,"CL-5472",43,42
"232",1,"CL-5473",43,42
"233",1,"CL-5474",43,42
"234",1,"CLA2",43,42
"235",1,"CLAT",43,42
"236",1,"CLIF",43,42
"237",1,"CLJP",43,42
"238",1,"CLUE",43,42
"239",1,"CMRS",43,42
"240",1,"CONS",43,42
"241",1,"COST",43,42
"242",1,"CRAG",43,42
"243",1,"CRKS",43,42
"244",1,"CRUM",43,42
"245",1,"CSH3",43,42
"246",1,"CSPD",43,42
"247",1,"CTS2",43,42
"248",1,"CTS3",43,42
"249",1,"CTS4",43,42
"250",1,"CTS5",43,42
"251",1,"CTW1",43,42
"252",1,"CTW2",43,42
"253",1,"CW32",43,42
"254",1,"CW3C",43,42
"255",1,"CWM3",43,42
"256",1,"DAB1",43,42
"257",1,"DAB2",43,42
"258",1,"DABL",43,42
"259",1,"DAD2",43,42
"260",1,"DADA",43,42
"261",1,"DAF1",43,42
"262",1,"DAF2",43,42
"263",1,"DAFT",43,42
"264",1,"DAIN",43,42
"265",1,"DBHN",43,42
"266",1,"DEDO",43,42
"267",1,"DIGT",43,42
"268",1,"DIL1",43,42
"269",1,"DILL",43,42
"270",1,"DIPT",43,42
"271",1,"DMDI",43,42
"272",1,"DRAC",43,42
"273",1,"DRAY",43,42
"274",1,"DRBY",43,42
"275",1,"DRM1",43,42
"276",1,"DRMS",43,42
"277",1,"DRSN",43,42
"278",1,"DTHB",43,42
"279",1,"DUDE",43,42
"280",1,"EAS1",43,42
"281",1,"EASY",43,42
"282",1,"EFHT",43,42
"283",1,"ELFF",43,42
"284",1,"ELIP",43,42
"285",1,"EQDT",43,42
"286",1,"ETMA",43,42
"287",1,"F100",43,42
"288",1,"F101",43,42
"289",1,"F102",43,42
"290",1,"F105",43,42
"291",1,"F106",43,42
"292",1,"F108",43,42
"293",1,"F109",10,42
"294",1,"F110",43,42
"295",1,"F111",43,42
"296",1,"F113",43,42
"297",1,"F114",43,42
"298",1,"F115",43,42
"299",1,"F116",43,42
"300",1,"F117",43,42
"301",1,"F118",5,42
"302",1,"F119",43,42
"303",1,"F120",43,42
"304",1,"F122",43,42
"305",1,"F123",43,42
"306",1,"F125",12,42
"307",1,"F126",43,42
"308",1,"F127",43,42
"309",1,"F128",7,42
"310",1,"F130",43,42
"311",1,"F131",43,42
"312",1,"F132",43,42
"313",1,"F133",25,42
"314",1,"F134",43,42
"315",1,"F135",13,42
"316",1,"F136",43,42
"317",1,"F137",43,42
"318",1,"F138",14,42
"319",1,"F139",43,42
"320",1,"F141",43,42
"321",1,"F142",9,42
"322",1,"F144",43,42
"323",1,"F146",43,42
"324",1,"F147",43,42
"325",1,"F148",19,42
"326",1,"F149",43,42
"327",1,"F151",43,42
"328",1,"F152",43,42
"329",1,"F153",43,42
"330",1,"F154",43,42
"331",1,"F155",0,42
"332",1,"F157",43,42
"333",1,"F158",43,42
"334",1,"F159",30,42
"335",1,"F160",43,42
"336",1,"F161",43,42
"337",1,"F162",43,42
"338",1,"F163",43,42
"339",1,"F164",43,42
"340",1,"F165",43,42
"341",1,"F166",43,42
"342",1,"F167",43,42
"343",1,"F169",43,42
"344",1,"F171",43,42
"345",1,"F172",43,42
"346",1,"F173",25,42
"347",1,"F174",43,42
"348",1,"F175",6,42
"349",1,"F176",43,42
"350",1,"F177",43,42
"351",1,"F178",2,42
"352",1,"F179",23,42
"353",1,"F180",43,42
"354",1,"F181",43,42
"355",1,"F182",43,42
"356",1,"F183",43,42
"357",1,"F184",43,42
"358",1,"F185",43,42
"359",1,"F186",43,42
"360",1,"F187",43,42
"361",1,"F188",43,42
"362",1,"F189",43,42
"363",1,"F190",43,42
"364",1,"F191",43,42
"365",1,"F192",43,42
"366",1,"F193",43,42
"367",1,"F194",43,42
"368",1,"F195",43,42
"369",1,"F196",12,42
"370",1,"F197",23,42
"371",1,"F198",43,42
"372",1,"F199",31,42
"373",1,"F200",43,42
"374",1,"F201",43,42
"375",1,"F202",43,42
"376",1,"F203",20,42
"377",1,"F205",21,42
"378",1,"F207",24,42
"379",1,"F209",43,42
"380",1,"F210",43,42
"381",1,"F211",27,42
"382",1,"F212",43,42
"383",1,"F213",43,42
"384",1,"F214",43,42
"385",1,"F215",43,42
"386",1,"F216",43,42
"387",1,"F217",43,42
"388",1,"F218",43,42
"389",1,"F219",43,42
"390",1,"F220",43,42
"391",1,"F221",43,42
"392",1,"F222",43,42
"393",1,"F223",43,42
"394",1,"F224",20,42
"395",1,"F225",43,42
"396",1,"F226",43,42
"397",1,"F227",36,42
"398",1,"F228",43,42
"399",1,"F229",43,42
"400",1,"F230",43,42
"401",1,"F231",43,42
"402",1,"F232",18,42
"403",1,"F233",30,42
"404",1,"F234",43,42
"405",1,"F235",43,42
"406",1,"F236",28,42
"407",1,"F237",43,42
"408",1,"F238",15,42
"409",1,"F239",43,42
"410",1,"F240",43,42
"411",1,"F241",43,42
"412",1,"F242",43,42
"413",1,"F243",36,42
"414",1,"F244",43,42
"415",1,"F245",43,42
"416",1,"F246",25,42
"417",1,"F247",39,42
"418",1,"F248",43,42
"419",1,"F249",43,42
"420",1,"F250",25,42
"421",1,"F252",34,42
"422",1,"F254",43,42
"423",1,"F256",29,42
"424",1,"F258",12,42
"425",1,"F260",43,42
"426",1,"F262",43,42
"427",1,"F264",26,42
"428",1,"F266",19,42
"429",1,"F268",43,42
"430",1,"F270",43,42
"431",1,"F272",43,42
"432",1,"F274",38,42
"433",1,"F276",28,42
"434",1,"F278",43,42
"435",1,"F280",43,42
"436",1,"F282",43,42
"437",1,"F284",42,42
"438",1,"F301",43,42
"439",1,"FAST",43,42
"440",1,"FB01",43,42
"441",1,"FB02",12,42
"442",1,"FB03",3,42
"443",1,"FB05",43,42
"444",1,"FB06",43,42
"445",1,"FB07",43,42
"446",1,"FB09",2,42
"447",1,"FB10",43,42
"448",1,"FB11",43,42
"449",1,"FB12",43,42
"450",1,"FB13",43,42
"451",1,"FB14",43,42
"452",1,"FB15",43,42
"453",1,"FB17",43,42
"454",1,"FB20",15,42
"455",1,"FB23",43,42
"456",1,"FB24",43,42
"457",1,"FB25",43,42
"458",1,"FB26",43,42
"459",1,"FB27",43,42
"460",1,"FB28",43,42
"461",1,"FB29",43,42
"462",1,"FB32",43,42
"463",1,"FB33",36,42
"464",1,"FB35",16,42
"465",1,"FB36",43,42
"466",1,"FB38",43,42
"467",1,"FB39",43,42
"468",1,"FB43",43,42
"469",1,"FB44",43,42
"470",1,"FB46",43,42
"471",1,"FB48",43,42
"472",1,"FB54",13,42
"473",1,"FB55",43,42
"474",1,"FB57",43,42
"475",1,"FB58",43,42
"476",1,"FB59",43,42
"477",1,"FB60",43,42
"478",1,"FB62",43,42
"479",1,"FB63",43,42
"480",1,"FB65",43,42
"481",1,"FB66",43,42
"482",1,"FB68",43,42
"483",1,"FB70",43,42
"484",1,"FB71",43,42
"485",1,"FB73",43,42
"486",1,"FB75",43,42
"487",1,"FB76",43,42
"488",1,"FB78",43,42
"489",1,"FB79",17,42
"490",1,"FB83",43,42
"491",1,"FB84",11,42
"492",1,"FB87",43,42
"493",1,"FB89",43,42
"494",1,"FB90",42,42
"495",1,"FB92",0,42
"496",1,"FB93",43,42
"497",1,"FB94",43,42
"498",1,"FB96",43,42
"499",1,"FB99",43,42
"500",1,"FEAT",43,42
"501",1,"FINS",43,42
"502",1,"FJSL",43,42
"503",1,"FLBB",43,42
"504",1,"FLCR",43,42
"505",1,"FLDG",43,42
"506",1,"FLEA",43,42
"507",1,"FLTP",43,42
"508",1,"FNIS",43,42
"509",1,"FRGG",43,42
"510",1,"FRGI",43,42
"511",1,"FRN2",43,42
"512",1,"FRN3",43,42
"513",1,"FRNC",43,42
"514",1,"FRNG",43,42
"515",1,"FRNZ",43,42
"516",1,"FRPT",43,42
"517",1,"FTHS",43,42
"518",1,"FTLB",43,42
"519",1,"FUDD",43,42
"520",1,"FZJ1",43,42
"521",1,"FZJ2",43,42
"522",1,"FZJS",43,42
"523",1,"GLOS",43,42
"524",1,"GPHK",43,42
"525",1,"GPPY",43,42
"526",1,"GRGO",43,42
"527",1,"GRPS",43,42
"528",1,"GRW1",43,42
"529",1,"GRW2",43,42
"530",1,"GRW3",43,42
"531",1,"GRWW",43,42
"532",1,"GSKN",43,42
"533",1,"GTFG",43,42
"534",1,"GWEN",43,42
"535",1,"HAAK",25,42
"536",1,"HAIR",43,42
"537",1,"HAMM",43,42
"538",1,"HAN2",43,42
"539",1,"HANG",43,42
"540",1,"HAWC",43,42
"541",1,"HBM1",43,42
"542",1,"HBM2",43,42
"543",1,"HBM3",43,42
"544",1,"HBM4",43,42
"545",1,"HBMB",43,42
"546",1,"HBUT",43,42
"547",1,"HDMM",43,42
"548",1,"HDSK",43,42
"549",1,"HFLT",43,42
"550",1,"HILB",43,42
"551",1,"HIPM",43,42
"552",1,"HIQQ",43,42
"553",1,"HITS",43,42
"554",1,"HLP3",43,42
"555",1,"HLP4",43,42
"556",1,"HLPC",43,42
"557",1,"HML2",43,42
"558",1,"HMLC",43,42
"559",1,"HMLT",43,42
"560",1,"HMMC",43,42
"561",1,"HMMM",43,42
"562",1,"HMTN",43,42
"563",1,"HNB2",43,42
"564",1,"HNBT",43,42
"565",1,"HNSC",43,42
"566",1,"HOK1",43,42
"567",1,"HOK2",43,42
"568",1,"HOKA",43,42
"569",1,"HOOV",43,42
"570",1,"HOV2",43,42
"571",1,"HOVA",43,42
"572",1,"HOVC",43,42
"573",1,"HPLA",43,42
"574",1,"HRDM",43,42
"575",1,"HSN2",43,42
"576",1,"HSN3",43,42
"577",1,"HSN4",43,42
"578",1,"HSNS",43,42
"579",1,"HUCK",43,42
"580",1,"HUEY",43,42
"581",1,"HVMS",43,42
"582",1,"HWK2",43,42
"583",1,"HWK3",43,42
"584",1,"IKN2",43,42
"585",1,"IKNO",43,42
"586",1,"J001",43,42
"587",1,"J007",43,42
"588",1,"JADE",43,42
"589",1,"JAGR",43,42
"590",1,"JAMM",43,42
"591",1,"JBAK",43,42
"592",1,"JELY",43,42
"593",1,"JETY",43,42
"594",1,"JGL1",43,42
"595",1,"JGL2",43,42
"596",1,"JGLD",43,42
"597",1,"JIG3",43,42
"598",1,"JOJO",43,42
"599",1,"JOSC",43,42
"600",1,"JOSE",43,42
"601",1,"KNIK",43,42
"602",1,"KNNC",43,42
"603",1,"KNNN",43,42
"604",1,"KNOB",43,42
"605",1,"KNOR",43,42
"606",1,"KNSY",43,42
"607",1,"KOKO",43,42
"608",1,"KRSN",33,42
"609",1,"L108",43,42
"610",1,"L160",43,42
"611",1,"LACH",43,42
"612",1,"LAT2",43,42
"613",1,"LBHL",43,42
"614",1,"LBLD",43,42
"615",1,"LBLK",43,42
"616",1,"LBLS",43,42
"617",1,"LBMA",43,42
"618",1,"LBMN",43,42
"619",1,"LBSL",43,42
"620",1,"LBTY",43,42
"621",1,"LCKL",43,42
"622",1,"LDB1",43,42
"623",1,"LDBP",43,42
"624",1,"LDM3",43,42
"625",1,"LDMA",43,42
"626",1,"LDNK",43,42
"627",1,"LEON",43,42
"628",1,"LFLG",43,42
"629",1,"LHLV",43,42
"630",1,"LITT",43,42
"631",1,"LIZ1",43,42
"632",1,"LIZD",43,42
"633",1,"LLLN",43,42
"634",1,"LNBT",43,42
"635",1,"LNC2",43,42
"636",1,"LNC3",43,42
"637",1,"LNCC",43,42
"638",1,"LNL1",43,42
"639",1,"LNLD",43,42
"640",1,"LNPC",43,42
"641",1,"LNPF",43,42
"642",1,"LNST",43,42
"643",1,"LONE",43,42
"644",1,"LOT1",43,42
"645",1,"LOT2",43,42
"646",1,"LOT3",43,42
"647",1,"LOT4",43,42
"648",1,"LOTB",43,42
"649",1,"LRBD",43,42
"650",1,"LSPL",43,42
"651",1,"LSPO",43,42
"652",1,"LTS2",43,42
"653",1,"LTSM",43,42
"654",1,"LWHP",43,42
"655",1,"LWMN",43,42
"656",1,"LWP1",43,42
"657",1,"LWP2",43,42
"658",1,"LWPT",43,42
"659",1,"LYFN",43,42
"660",1,"LYLU",43,42
"661",1,"M145",43,42
"662",1,"M164",43,42
"663",1,"MAN1",43,42
"664",1,"MAN2",43,42
"665",1,"MAN3",43,42
"666",1,"MANT",43,42
"667",1,"MARX",43,42
"668",1,"MAUD",43,42
"669",1,"MBAB",43,42
"670",1,"MCM3",43,42
"671",1,"MCMA",43,42
"672",1,"MDLB",43,42
"673",1,"MDNK",43,42
"674",1,"MDPK",43,42
"675",1,"MDSQ",43,42
"676",1,"MEAD",43,42
"677",1,"MHBT",43,42
"678",1,"MIDF",43,42
"679",1,"MIDM",43,42
"680",1,"MJM2",43,42
"681",1,"MLOB",43,42
"682",1,"MLOC",43,42
"683",1,"MLTS",43,42
"684",1,"MLVN",43,42
"685",1,"MM72",43,42
"686",1,"MNC2",43,42
"687",1,"MNCB",43,42
"688",1,"MNIC",43,42
"689",1,"MNIK",43,42
"690",1,"MOCH",43,42
"691",1,"MOLA",43,42
"692",1,"MOML",43,42
"693",1,"MOOY",43,42
"694",1,"MORB",43,42
"695",1,"MORN",43,42
"696",1,"MPTB",43,42
"697",1,"MRMS",43,42
"698",1,"MRN2",43,42
"699",1,"MSLB",43,42
"700",1,"MSQ2",43,42
"701",1,"MSQL",43,42
"702",1,"MSR2",43,42
"703",1,"MSUC",43,42
"704",1,"MSUM",43,42
"705",1,"MTB1",43,42
"706",1,"MTBG",43,42
"707",1,"MTEL",43,42
"708",1,"MTHR",43,42
"709",1,"MTLR",43,42
"710",1,"MTMN",43,42
"711",1,"MTSS",43,42
"712",1,"MTWO",43,42
"713",1,"MUBT",43,42
"714",1,"MVON",43,42
"715",1,"MYST",43,42
"716",1,"NACK",43,42
"717",1,"NADW",43,42
"718",1,"NANA",43,42
"719",1,"NHNK",43,42
"720",1,"NIB2",43,42
"721",1,"NIGT",43,42
"722",1,"NIK2",43,42
"723",1,"NIP2",43,42
"724",1,"NIPP",43,42
"725",1,"NKAL",43,42
"726",1,"NKL2",43,42
"727",1,"NKLD",43,42
"728",1,"NKLN",43,42
"729",1,"NKNN",43,42
"730",1,"NKS1",43,42
"731",1,"NKSH",43,42
"732",1,"NLPS",43,42
"733",1,"NOMS",43,42
"734",1,"NPK1",43,42
"735",1,"NPKR",43,42
"736",1,"OIEA",43,42
"737",1,"OINK",43,42
"738",1,"OPAL",43,42
"739",1,"OPTP",43,42
"740",1,"ORNG",43,42
"741",1,"OTH_1083",43,42
"742",1,"OTH_183",43,42
"743",1,"OTH_230",43,42
"744",1,"OTH_295",43,42
"745",1,"OTH_376",43,42
"746",1,"OTH_378",43,42
"747",1,"OTH_503",43,42
"748",1,"OTH_506",43,42
"749",1,"OTH_519",43,42
"750",1,"OTH_561",43,42
"751",1,"OTH_590",43,42
"752",1,"OTH_597",43,42
"753",1,"OTH_602",43,42
"754",1,"OTH_605",43,42
"755",1,"OTH_606",43,42
"756",1,"OTH_607",43,42
"757",1,"OTH_609",43,42
"758",1,"OTH_612",43,42
"759",1,"OTH_702",43,42
"760",1,"OTH_894",43,42
"761",1,"OTH_906",43,42
"762",1,"OTH_984",43,42
"763",1,"P3C1",43,42
"764",1,"P3C2",43,42
"765",1,"P3SP",43,42
"766",1,"PAL1",43,42
"767",1,"PDFT",43,42
"768",1,"PECK",43,42
"769",1,"PHIL",43,42
"770",1,"PHIN",43,42
"771",1,"PHL1",43,42
"772",1,"PHL2",43,42
"773",1,"PHNE",43,42
"774",1,"PIL1",43,42
"775",1,"PILA",43,42
"776",1,"PITA",43,42
"777",1,"PLG2",43,42
"778",1,"PLUG",43,42
"779",1,"PMID",43,42
"780",1,"PMTI",43,42
"781",1,"PN05",43,42
"782",1,"PNB2",43,42
"783",1,"PNB3",43,42
"784",1,"PNBC",43,42
"785",1,"PNBS",43,42
"786",1,"PNBT",43,42
"787",1,"PNGS",43,42
"788",1,"PNKD",43,42
"789",1,"PNTB",43,42
"790",1,"POCO",43,42
"791",1,"POLV",43,42
"792",1,"POOF",43,42
"793",1,"PORT",43,42
"794",1,"PPS1",43,42
"795",1,"PPSL",43,42
"796",1,"PRF2",43,42
"797",1,"PRF3",43,42
"798",1,"PRF4",43,42
"799",1,"PRFC",43,42
"800",1,"PRFR",43,42
"801",1,"PRN2",43,42
"802",1,"PROF",43,42
"803",1,"PRST",43,42
"804",1,"PSB2",43,42
"805",1,"PSBZ",43,42
"806",1,"PSC3",43,42
"807",1,"PSC4",43,42
"808",1,"PSC5",43,42
"809",1,"PSC6",43,42
"810",1,"PSC7",43,42
"811",1,"PSD2",43,42
"812",1,"PSDQ",43,42
"813",1,"PUMP",43,42
"814",1,"Q5LA",43,42
"815",1,"QECD",43,42
"816",1,"QUIN",43,42
"817",1,"R27L",43,42
"818",1,"RCCR",43,42
"819",1,"RCN2",43,42
"820",1,"RCNM",43,42
"821",1,"RFIO",43,42
"822",1,"RFNT",43,42
"823",1,"RLTY",43,42
"824",1,"RMPL",43,42
"825",1,"RMUS",43,42
"826",1,"ROOS",43,42
"827",1,"ROSS",43,42
"828",1,"RPIA",43,42
"829",1,"RSFG",43,42
"830",1,"RT90",43,42
"831",1,"RT92",43,42
"832",1,"RTM2",43,42
"833",1,"RTM3",43,42
"834",1,"RTM4",43,42
"835",1,"RTM5",43,42
"836",1,"RTMW",43,42
"837",1,"RUF2",43,42
"838",1,"RUFF",43,42
"839",1,"RY34",43,42
"840",1,"RZLR",43,42
"841",1,"SBDO",43,42
"842",1,"SBOK",43,42
"843",1,"SBPE",43,42
"844",1,"SBPN",43,42
"845",1,"SBUK",43,42
"846",1,"SCBT",43,42
"847",1,"SCNE",43,42
"848",1,"SCS1",43,42
"849",1,"SCS2",43,42
"850",1,"SCSM",43,42
"851",1,"SCTN",43,42
"852",1,"SCUP",43,42
"853",1,"SDSW",43,42
"854",1,"SEE1",43,42
"855",1,"SEWL",43,42
"856",1,"SGDM",43,42
"857",1,"SGL1",43,42
"858",1,"SGLA",43,42
"859",1,"SGPP",43,42
"860",1,"SHBT",43,42
"861",1,"SHNU",43,42
"862",1,"SHOT",43,42
"863",1,"SHTC",43,42
"864",1,"SIM1",43,42
"865",1,"SIM2",43,42
"866",1,"SIMP",43,42
"867",1,"SKYE",43,42
"868",1,"SLIT",43,42
"869",1,"SLJ1",43,42
"870",1,"SLJY",43,42
"871",1,"SLLA",43,42
"872",1,"SMUS",43,42
"873",1,"SNOT",43,42
"874",1,"SOFA",43,42
"875",1,"SOGG",43,42
"876",1,"SOLB",43,42
"877",1,"SOLS",43,42
"878",1,"SOPO",43,42
"879",1,"SPAC",43,42
"880",1,"SPEC",43,42
"881",1,"SPLA",43,42
"882",1,"SPTL",43,42
"883",1,"SQBT",43,42
"884",1,"SRDO",43,42
"885",1,"SRFR",43,42
"886",1,"SSHK",43,42
"887",1,"STE1",43,42
"888",1,"STE2",43,42
"889",1,"STEW",43,42
"890",1,"STKY",43,42
"891",1,"STLB",43,42
"892",1,"STMN",43,42
"893",1,"STWR",43,42
"894",1,"SUFL",43,42
"895",1,"SUMO",43,42
"896",1,"TABB",43,42
"897",1,"TAC2",43,42
"898",1,"TAL2",43,42
"899",1,"TAL3",43,42
"900",1,"TBEL",43,42
"901",1,"TBTN",43,42
"902",1,"TCT1",43,42
"903",1,"TCTV",43,42
"904",1,"TDT2",43,42
"905",1,"TDTC",35,42
"906",1,"TDTL",43,42
"907",1,"TEEN",43,42
"908",1,"TEKK",43,42
"909",1,"TELE",43,42
"910",1,"THAL",43,42
"911",1,"THNM",43,42
"912",1,"THOC",43,42
"913",1,"THOR",43,42
"914",1,"THRS",43,42
"915",1,"THTH",43,42
"916",1,"THUB",43,42
"917",1,"TIGR",43,42
"918",1,"TKID",43,42
"919",1,"TMHK",43,42
"920",1,"TML1",43,42
"921",1,"TMLT",43,42
"922",1,"TMSP",43,42
"923",1,"TNBP",33,42
"924",1,"TNFG",43,42
"925",1,"TNSC",43,42
"926",1,"TNSL",43,42
"927",1,"TONG",43,42
"928",1,"TOT2",43,42
"929",1,"TPOT",43,42
"930",1,"TREX",43,42
"931",1,"TRIF",43,42
"932",1,"TRIM",43,42
"933",1,"TRLI",43,42
"934",1,"TRM1",43,42
"935",1,"TRNO",43,42
"936",1,"TRTA",43,42
"937",1,"TSMV",43,42
"938",1,"TTA2",43,42
"939",1,"TTM3",43,42
"940",1,"TTOO",43,42
"941",1,"TUPE",43,42
"942",1,"TWHN",43,42
"943",1,"UFSK",43,42
"944",1,"ULRU",43,42
"945",1,"ULTA",43,42
"946",1,"ULY2",43,42
"947",1,"ULY3",43,42
"948",1,"ULY4",43,42
"949",1,"ULYS",43,42
"950",1,"UND1",43,42
"951",1,"UND2",43,42
"952",1,"UNDG",43,42
"953",1,"UNLR",43,42
"954",1,"UPBK",43,42
"955",1,"URLN",43,42
"956",1,"VAIL",43,42
"957",1,"VANB",43,42
"958",1,"VCRO",43,42
"959",1,"VCUM",43,42
"960",1,"VIVA",43,42
"961",1,"VIZZ",43,42
"962",1,"VLKA",43,42
"963",1,"VNGL",43,42
"964",1,"VOLD",43,42
"965",1,"VRIP",43,42
"966",1,"VRLA",43,42
"967",1,"VST2",43,42
"968",1,"VSTC",43,42
"969",1,"VSTH",43,42
"970",1,"VTHN",43,42
"971",1,"WALT",43,42
"972",1,"WAN1",43,42
"973",1,"WAND",43,42
"974",1,"WEBS",43,42
"975",1,"WEEZ",43,42
"976",1,"WEN1",43,42
"977",1,"WENT",43,42
"978",1,"WHAT",43,42
"979",1,"WHIT",43,42
"980",1,"WHMR",43,42
"981",1,"WHOO",43,42
"982",1,"WHTS",43,42
"983",1,"WHYY",43,42
"984",1,"WIFF",43,42
"985",1,"WILL",43,42
"986",1,"WIN1",22,42
"987",1,"WINE",43,42
"988",1,"WINN",22,42
"989",1,"WINS",43,42
"990",1,"WLDC",43,42
"991",1,"WLET",43,42
"992",1,"WLFL",43,42
"993",1,"WORM",43,42
"994",1,"WRTH",43,42
"995",1,"WTAB",43,42
"996",1,"WTKN",43,42
"997",1,"WTMA",43,42
"998",1,"WTMS",43,42
"999",1,"WVLT",43,42
"1000",1,"WWJD",43,42
"1001",1,"XERX",43,42
"1002",1,"XYLO",43,42
"1003",1,"YANK",43,42
"1004",1,"YELP",43,42
"1005",1,"YIKE",43,42
"1006",1,"YOKE",33,42
"1007",1,"ZBRA",43,42
"1008",1,"ZEDC",43,42
"1009",1,"ZEL1",43,42
"1010",1,"ZEL2",43,42
"1011",1,"ZEL3",43,42
"1012",1,"ZEL4",43,42
"1013",1,"ZELD",43,42
"1014",1,"ZENN",43,42
"1015",1,"ZIPP",43,42
"1016",1,"ZOOK",43,42
"1017",1,"ZPP1",43,42
"1018",1,"ZRB2",43,42
"1019",1,"ZRBA",43,42
"1020",1,"ZRBC",43,42
"1021",1,"ZULU",43,42
