"","Date","Year","Code","StartLon","StartLat","DiffHI","HAB_time"
"47596","2006-01-26",2006,"BEGR",-82.48254,27.1585,"SD",2
"47644","2006-02-08",2006,"FB78",-82.50269,27.20508,"SD",2
"47998","2006-04-19",2006,"4C4C",-82.54874,27.25976,"SD",2
"47999","2006-04-19",2006,"F219",-82.54874,27.25976,"SD",2
"48000","2006-04-19",2006,"F254",-82.54874,27.25976,"SD",2
"48001","2006-04-19",2006,"FB44",-82.54874,27.25976,"SD",2
"48210","2006-05-19",2006,"F173",-82.68703,27.44309,"SD",2
"48211","2006-05-19",2006,"F232",-82.68703,27.44309,"SD",2
"48212","2006-05-19",2006,"FB06",-82.68703,27.44309,"SD",2
"48236","2006-05-22",2006,"FB35",-82.46847,27.11173,"FG",2
"48576","2006-06-20",2006,"F162",-82.63557,27.54792,"SD",2
"48677","2006-06-22",2006,"F220",-82.69966,27.5193,"SD",2
"49108","2006-07-10",2006,"F232",-82.65399,27.39363,"SD",2
"49118","2006-07-10",2006,"F232",-82.68582,27.42941,"SD",2
"49158","2006-07-12",2006,"F171",-82.59207,27.40538,"SD",2
"49159","2006-07-12",2006,"IKN2",-82.59207,27.40538,"SD",2
"49232","2006-07-17",2006,"F218",-82.71216,27.53718,"SD",2
"49378","2006-07-21",2006,"FB79",-82.70248,27.52745,"FG",2
"52152","2007-01-26",2007,"FB78",-82.54598,27.28297,"SD",2
"52936","2007-03-08",2007,"F106",-82.58421,27.33102,"SD",2
"52938","2007-03-08",2007,"F207",-82.58421,27.33102,"SD",2
"52966","2007-03-08",2007,"1091",-82.56664,27.28375,"SD",2
"52967","2007-03-08",2007,"F109",-82.56664,27.28375,"SD",2
"53025","2007-03-09",2007,"1091",-82.56764,27.28241,"SD",2
"53026","2007-03-09",2007,"F109",-82.56764,27.28241,"SD",2
"53027","2007-03-09",2007,"F175",-82.56764,27.28241,"SD",2
"53028","2007-03-09",2007,"F207",-82.56764,27.28241,"SD",2
"53098","2007-03-13",2007,"1091",-82.58611,27.32971,"SD",2
"53099","2007-03-13",2007,"F109",-82.58611,27.32971,"SD",2
"53100","2007-03-13",2007,"1091",-82.58611,27.32971,"SD",2
"53101","2007-03-13",2007,"F109",-82.58611,27.32971,"SD",2
"53188","2007-03-15",2007,"F142",-82.56118,27.30633,"FG",2
"53277","2007-03-20",2007,"FB78",-82.56311,27.30298,"SD",2
"53282","2007-03-20",2007,"FB78",-82.56311,27.30298,"SD",2
"53293","2007-03-20",2007,"FB78",-82.56268,27.29891,"SD",2
"53400","2007-03-24",2007,"F232",-82.68267,27.4425,"SD",2
"53401","2007-03-24",2007,"F232",-82.68267,27.4425,"SD",2
"53427","2007-03-26",2007,"F228",-82.69552,27.49639,"SD",2
"53428","2007-03-26",2007,"FB66",-82.69552,27.49639,"SD",2
"53430","2007-03-26",2007,"F228",-82.69552,27.49639,"SD",2
"53431","2007-03-26",2007,"FB66",-82.69552,27.49639,"SD",2
"53433","2007-03-26",2007,"F228",-82.69552,27.49639,"SD",2
"53434","2007-03-26",2007,"FB66",-82.69552,27.49639,"SD",2
"53614","2007-04-03",2007,"C596",-82.68992,27.46294,"SD",2
"53615","2007-04-03",2007,"F220",-82.68992,27.46294,"SD",2
"53616","2007-04-03",2007,"FB79",-82.68992,27.46294,"SD",2
"53655","2007-04-04",2007,"F276",-82.59533,27.31655,"SD",2
"53656","2007-04-04",2007,"F276",-82.59533,27.31655,"SD",2
"53657","2007-04-04",2007,"F276",-82.59533,27.31655,"SD",2
"53824","2007-05-15",2007,"F106",-82.7303,27.5345,"SD",2
"53825","2007-05-15",2007,"F106",-82.7303,27.5345,"SD",2
"54001","2007-05-18",2007,"BEGR",-82.46956,27.12805,"SD",2
"54002","2007-05-18",2007,"BEGR",-82.46956,27.12805,"SD",2
"54823","2007-06-19",2007,"1091",-82.67505,27.43806,"SD",2
"54824","2007-06-19",2007,"F109",-82.67505,27.43806,"SD",2
"54872","2007-06-20",2007,"F106",-82.7306,27.5347,"SD",2
"54873","2007-06-20",2007,"F106",-82.7306,27.5347,"SD",2
"54874","2007-06-20",2007,"F106",-82.7306,27.5347,"SD",2
"54939","2007-06-21",2007,"F106",-82.7305,27.5343,"SD",2
"55030","2007-06-22",2007,"FB79",-82.57224,27.3333,"SD",2
"55245","2007-06-27",2007,"F106",-82.7303,27.5345,"SD",2
"55246","2007-06-27",2007,"F106",-82.7303,27.5345,"SD",2
"55247","2007-06-27",2007,"F106",-82.7303,27.5345,"SD",2
"55264","2007-06-27",2007,"F106",-82.7322,27.5344,"SD",2
"55266","2007-06-27",2007,"F106",-82.7322,27.5344,"SD",2
"55348","2007-06-29",2007,"F106",-82.7318,27.5337,"SD",2
"55349","2007-06-29",2007,"F106",-82.7318,27.5337,"SD",2
"55361","2007-06-29",2007,"F106",-82.7306,27.5347,"SD",2
"55362","2007-06-29",2007,"F106",-82.7306,27.5347,"SD",2
"55363","2007-06-29",2007,"F106",-82.7306,27.5347,"SD",2
"55370","2007-06-30",2007,"F106",-82.7306,27.5347,"SD",2
"55371","2007-06-30",2007,"F106",-82.7303,27.5345,"SD",2
"55372","2007-06-30",2007,"F106",-82.7305,27.5346,"SD",2
"55377","2007-06-30",2007,"F106",-82.7303,27.5345,"SD",2
"55458","2007-07-03",2007,"F106",-82.7305,27.5346,"SD",2
"56677","2007-07-27",2007,"1091",-82.57389,27.33137,"SD",2
"56678","2007-07-27",2007,"F109",-82.57389,27.33137,"SD",2
"56680","2007-07-27",2007,"F109",-82.57389,27.33137,"SD",2
"57358","2007-08-09",2007,"BEGR",-82.4697,27.12779,"SD",2
"57359","2007-08-09",2007,"BEGR",-82.4697,27.12779,"SD",2
"57659","2007-08-14",2007,"F106",-82.72968,27.53428,"SD",2
"57660","2007-08-14",2007,"F106",-82.72968,27.53428,"SD",2
"57661","2007-08-14",2007,"F106",-82.72968,27.53428,"SD",2
"58333","2007-08-28",2007,"F148",-82.65951,27.4912,"FG",2
"59017","2007-10-25",2007,"F203",-82.64321,27.43349,"FG",2
"59018","2007-10-25",2007,"F224",-82.64321,27.43349,"FG",2
"59019","2007-10-25",2007,"F232",-82.64321,27.43349,"FG",2
"59070","2007-11-04",2007,"BEAN",-82.7308,27.5347,"SD",2
"59071","2007-11-04",2007,"BEAN",-82.7308,27.5347,"SD",2
"59072","2007-11-04",2007,"BEAN",-82.7308,27.5347,"SD",2
"59711","2007-12-08",2007,"1091",-82.58876,27.32658,"SD",2
"59712","2007-12-08",2007,"F109",-82.58876,27.32658,"SD",2
"60248","2008-02-02",2008,"F238",-82.55724,27.32612,"FG",2
"60267","2008-02-03",2008,"1091",-82.56308,27.28806,"SD",2
"60268","2008-02-03",2008,"F109",-82.56308,27.28806,"SD",2
"60272","2008-02-03",2008,"1091",-82.56308,27.28806,"SD",2
"60502","2008-02-14",2008,"F188",-82.69023,27.46722,"SD",2
"60504","2008-02-14",2008,"F188",-82.69023,27.46722,"SD",2
"60641","2008-02-20",2008,"DRSN",-82.59604,27.33055,"SD",2
"60643","2008-02-20",2008,"F198",-82.59604,27.33055,"SD",2
"60644","2008-02-20",2008,"DRSN",-82.59604,27.33055,"SD",2
"60646","2008-02-20",2008,"F198",-82.59604,27.33055,"SD",2
"60688","2008-02-21",2008,"F232",-82.68705,27.44385,"SD",2
"60689","2008-02-21",2008,"F232",-82.68705,27.44385,"SD",2
"60694","2008-02-21",2008,"GCHX",-82.64995,27.60632,"SD",2
"60758","2008-02-25",2008,"FB92",-82.56176,27.29374,"SD",2
"60947","2008-03-12",2008,"F232",-82.68726,27.44832,"SD",2
"61095","2008-03-27",2008,"F276",-82.59713,27.41402,"SD",2
"62176","2008-05-23",2008,"BEGR",-82.46954,27.12562,"SD",2
"62177","2008-05-23",2008,"BEGR",-82.46954,27.12562,"SD",2
"62919","2008-06-04",2008,"BEGR",-82.46922,27.12589,"SD",2
"62920","2008-06-04",2008,"BEGR",-82.46922,27.12589,"SD",2
"63242","2008-06-10",2008,"F232",-82.6788,27.43865,"SD",2
"63797","2008-06-20",2008,"BEGR",-82.47294,27.1448,"SD",2
"63798","2008-06-20",2008,"BEGR",-82.47294,27.1448,"SD",2
"64005","2008-06-27",2008,"F232",-82.67102,27.44521,"SD",2
"64190","2008-07-01",2008,"BEGR",-82.47039,27.13669,"SD",2
"64191","2008-07-01",2008,"BEGR",-82.47039,27.13669,"SD",2
"64890","2008-07-15",2008,"BEGR",-82.46947,27.12884,"SD",2
"64891","2008-07-15",2008,"BEGR",-82.46947,27.12884,"SD",2
"65015","2008-07-18",2008,"JETY",-82.46646,27.07946,"SD",2
"65584","2008-08-04",2008,"BEGR",-82.46997,27.12905,"SD",2
"65585","2008-08-04",2008,"BEGR",-82.46997,27.12905,"SD",2
"65732","2008-08-06",2008,"SRC1",-82.65146,27.60512,"SD",2
"65733","2008-08-06",2008,"SRCA",-82.65146,27.60512,"SD",2
"65735","2008-08-06",2008,"SRCA",-82.65146,27.60512,"SD",2
"66095","2008-08-25",2008,"F190",-82.70268,27.52941,"SD",2
"66096","2008-08-25",2008,"F232",-82.70268,27.52941,"SD",2
"66136","2008-08-26",2008,"F155",-82.64686,27.47619,"FG",2
"66137","2008-08-26",2008,"F205",-82.64686,27.47619,"FG",2
"66404","2008-09-15",2008,"WIN1",-82.64569,27.52922,"FG",2
"66405","2008-09-15",2008,"WINN",-82.64569,27.52922,"FG",2
"66445","2008-09-18",2008,"F155",-82.6492,27.50286,"SD",2
"66446","2008-09-18",2008,"F209",-82.6492,27.50286,"SD",2
"66448","2008-09-18",2008,"F155",-82.6492,27.50286,"SD",2
"66449","2008-09-18",2008,"F209",-82.6492,27.50286,"SD",2
"66531","2008-09-23",2008,"BEGR",-82.46949,27.12713,"SD",2
"66532","2008-09-23",2008,"BEGR",-82.46949,27.12713,"SD",2
"66533","2008-09-26",2008,"F128",-82.6792,27.44855,"FG",2
"66534","2008-09-26",2008,"FB92",-82.6792,27.44855,"FG",2
"66901","2008-11-05",2008,"AMVM",-82.47525,27.11626,"SD",2
"66906","2008-11-05",2008,"JETY",-82.47525,27.11626,"SD",2
"66907","2008-11-05",2008,"LNLD",-82.47525,27.11626,"SD",2
"66908","2008-11-05",2008,"MLVN",-82.47525,27.11626,"SD",2
"68024","2009-02-21",2009,"1091",-82.5697,27.28113,"SD",2
"68025","2009-02-21",2009,"F109",-82.5697,27.28113,"SD",2
"68203","2009-03-10",2009,"F190",-82.67645,27.52382,"SD",2
"68204","2009-03-10",2009,"YANK",-82.67645,27.52382,"SD",2
"68205","2009-03-10",2009,"F190",-82.67645,27.52382,"SD",2
"68206","2009-03-10",2009,"YANK",-82.67645,27.52382,"SD",2
"70758","2009-10-07",2009,"BEGR",-82.46933,27.1261,"SD",2
"70759","2009-10-07",2009,"BEGR",-82.46933,27.1261,"SD",2
"70948","2009-11-03",2009,"F179",-82.69437,27.465,"FG",2
"70949","2009-11-03",2009,"F197",-82.69437,27.465,"FG",2
"71084","2009-11-17",2009,"C911",-82.59129,27.50991,"FG",2
"71085","2009-11-17",2009,"C991",-82.59129,27.50991,"FG",2
"71093","2009-11-17",2009,"DRSN",-82.69481,27.43954,"SD",2
"71094","2009-11-17",2009,"F133",-82.69481,27.43954,"SD",2
"71095","2009-11-17",2009,"F219",-82.69481,27.43954,"SD",2
"71096","2009-11-17",2009,"FB87",-82.69481,27.43954,"SD",2
"71259","2009-11-29",2009,"F108",-82.56424,27.29678,"SD",2
"71261","2009-11-29",2009,"F199",-82.56424,27.29678,"SD",2
"71262","2009-11-29",2009,"F262",-82.56424,27.29678,"SD",2
"71264","2009-11-29",2009,"F108",-82.56424,27.29678,"SD",2
"71266","2009-11-29",2009,"F199",-82.56424,27.29678,"SD",2
"71267","2009-11-29",2009,"F262",-82.56424,27.29678,"SD",2
"71494","2009-12-15",2009,"F108",-82.46922,27.12478,"SD",2
"71495","2009-12-15",2009,"F194",-82.46922,27.12478,"SD",2
"72109","2010-03-25",2010,"F109",-82.57124,27.27931,"SD",2
"72279","2010-04-07",2010,"FB78",-82.56679,27.32707,"SD",2
"74496","2010-09-22",2010,"JETY",-82.46795,27.11288,"SD",2
"74517","2010-09-22",2010,"SCSM",-82.45303,27.07136,"SD",2
"74710","2010-10-20",2010,"F207",-82.66246,27.44004,"FG",2
"74867","2010-11-01",2010,"C835",-82.5901,27.3189,"SD",2
"74869","2010-11-01",2010,"F248",-82.5901,27.3189,"SD",2
"74870","2010-11-01",2010,"JOSC",-82.5901,27.3189,"SD",2
"74877","2010-11-01",2010,"HAAK",-82.58594,27.30685,"FG",2
"74952","2010-11-02",2010,"B053",-82.66499,27.4395,"FG",2
"74953","2010-11-02",2010,"F133",-82.66499,27.4395,"FG",2
"74954","2010-11-02",2010,"F173",-82.66499,27.4395,"FG",2
"74955","2010-11-02",2010,"F207",-82.66499,27.4395,"FG",2
"74956","2010-11-02",2010,"F246",-82.66499,27.4395,"FG",2
"74957","2010-11-02",2010,"F250",-82.66499,27.4395,"FG",2
"75435","2011-01-27",2011,"BEGR",-82.48344,27.16016,"SD",2
"75758","2011-03-13",2011,"BEGR",-82.48378,27.16062,"SD",2
"75761","2011-03-13",2011,"BEGR",-82.48378,27.16062,"SD",2
"75764","2011-03-13",2011,"BEGR",-82.48378,27.16062,"SD",2
"75851","2011-03-17",2011,"BEGR",-82.48812,27.17033,"SD",2
"75853","2011-03-17",2011,"BEGR",-82.48812,27.17033,"SD",2
"75916","2011-03-19",2011,"BEGR",-82.47903,27.15372,"SD",2
"75923","2011-03-20",2011,"BEGR",-82.47932,27.15392,"SD",2
"75953","2011-03-21",2011,"FB78",-82.56643,27.32315,"SD",2
"76020","2011-03-25",2011,"BEGR",-82.47083,27.14049,"SD",2
"76029","2011-03-25",2011,"BEGR",-82.49152,27.17442,"SD",2
"76032","2011-03-26",2011,"BEGR",-82.47172,27.14263,"SD",2
"76033","2011-03-26",2011,"BEGR",-82.47172,27.14263,"SD",2
"76111","2011-04-02",2011,"BEGR",-82.46981,27.13104,"SD",2
"76112","2011-04-02",2011,"BEGR",-82.46981,27.13104,"SD",2
"76602","2011-04-16",2011,"BEGR",-82.49442,27.1792,"SD",2
"76672","2011-04-29",2011,"BEGR",-82.46948,27.12913,"SD",2
"76673","2011-04-29",2011,"BEGR",-82.46948,27.12913,"SD",2
"76832","2011-05-09",2011,"F264",-82.55346,27.3051,"FG",2
"76833","2011-05-09",2011,"F266",-82.55346,27.3051,"FG",2
"76843","2011-05-09",2011,"F266",-82.5556,27.30434,"FG",2
"77930","2011-07-20",2011,"F211",-82.54806,27.29018,"FG",2
"78475","2011-09-14",2011,"1651",-82.7225,27.53817,"SD",2
"78476","2011-09-14",2011,"F165",-82.7225,27.53817,"SD",2
"78477","2011-09-14",2011,"F222",-82.7225,27.53817,"SD",2
"78478","2011-09-14",2011,"FB66",-82.7225,27.53817,"SD",2
"78479","2011-09-14",2011,"1651",-82.7225,27.53817,"SD",2
"78480","2011-09-14",2011,"F165",-82.7225,27.53817,"SD",2
"78481","2011-09-14",2011,"F222",-82.7225,27.53817,"SD",2
"78482","2011-09-14",2011,"FB66",-82.7225,27.53817,"SD",2
"78514","2011-09-15",2011,"F238",-82.58999,27.32266,"SD",2
"78963","2011-11-09",2011,"1315",-82.54167,27.31282,"FG",2
"79027","2011-11-10",2011,"F256",-82.55108,27.29726,"FG",2
"79358","2011-12-16",2011,"F108",-82.47814,27.15261,"SD",2
"80026","2012-03-09",2012,"JETY",-82.45279,27.07142,"SD",2
"80027","2012-03-09",2012,"JETY",-82.45279,27.07142,"SD",2
"80034","2012-03-09",2012,"RY34",-82.47032,27.11173,"SD",2
"80148","2012-03-15",2012,"1092",-82.5899,27.32156,"SD",2
"80149","2012-03-15",2012,"C834",-82.5899,27.32156,"SD",2
"80150","2012-03-15",2012,"F109",-82.5899,27.32156,"SD",2
"81007","2012-05-18",2012,"F193",-82.49939,27.19733,"SD",2
"81198","2012-05-23",2012,"F159",-82.7007,27.51983,"FG",2
"81200","2012-05-23",2012,"F233",-82.7007,27.51983,"FG",2
"82530","2012-08-09",2012,"F197",-82.65471,27.49144,"FG",2
"82900","2012-09-14",2012,"F199",-82.49908,27.1954,"FG",2
"83007","2012-10-01",2012,"F232",-82.73067,27.53545,"SD",2
"83008","2012-10-01",2012,"F232",-82.73067,27.53545,"SD",2
"83293","2012-10-17",2012,"C834",-82.66328,27.40994,"FG",2
"83296","2012-10-17",2012,"C834",-82.67698,27.419,"SD",2
"83297","2012-10-17",2012,"C834",-82.67698,27.419,"SD",2
"83491","2012-11-05",2012,"SCS2",-82.46941,27.11079,"SD",2
"83492","2012-11-05",2012,"SCSM",-82.46941,27.11079,"SD",2
"83815","2012-12-03",2012,"F221",-82.50237,27.20758,"SD",2
"83942","2012-12-06",2012,"B207",-82.52225,27.22293,"FG",2
"83943","2012-12-06",2012,"KRSN",-82.52225,27.22293,"FG",2
"83944","2012-12-06",2012,"TNBP",-82.52225,27.22293,"FG",2
"83945","2012-12-06",2012,"YOKE",-82.52225,27.22293,"FG",2
"84030","2012-12-07",2012,"1651",-82.68312,27.47877,"SD",2
"84036","2012-12-07",2012,"F148",-82.68312,27.47877,"SD",2
"84037","2012-12-07",2012,"F165",-82.68312,27.47877,"SD",2
"84038","2012-12-07",2012,"F222",-82.68312,27.47877,"SD",2
"84191","2013-01-14",2013,"1651",-82.69975,27.50844,"SD",2
"84192","2013-01-14",2013,"F148",-82.69975,27.50844,"SD",2
"84193","2013-01-14",2013,"F165",-82.69975,27.50844,"SD",2
"84194","2013-01-14",2013,"F222",-82.69975,27.50844,"SD",2
"84695","2013-03-15",2013,"F241",-82.55005,27.31823,"SD",2
"84696","2013-03-15",2013,"FB78",-82.55005,27.31823,"SD",2
"84737","2013-03-19",2013,"F137",-82.62914,27.5476,"SD",2
"84738","2013-03-19",2013,"F235",-82.62914,27.5476,"SD",2
"84821","2013-03-22",2013,"F252",-82.50204,27.1977,"FG",2
"84996","2013-04-02",2013,"SCS2",-82.45393,27.07565,"SD",2
"85020","2013-04-08",2013,"F232",-82.68678,27.44449,"SD",2
"85021","2013-04-08",2013,"F232",-82.68678,27.44449,"SD",2
"85108","2013-04-17",2013,"SCS2",-82.45258,27.07139,"SD",2
"85109","2013-04-17",2013,"SCSM",-82.45258,27.07139,"SD",2
"85548","2013-05-20",2013,"SCS2",-82.45425,27.07407,"SD",2
"85784","2013-05-22",2013,"F241",-82.57627,27.33074,"SD",2
"85932","2013-06-01",2013,"FB78",-82.55994,27.32938,"SD",2
"86336","2013-06-13",2013,"F205",-82.64407,27.47309,"FG",2
"87813","2013-08-14",2013,"C655",-82.72754,27.53311,"SD",2
"87815","2013-08-14",2013,"FB65",-82.72754,27.53311,"SD",2
"87841","2013-08-20",2013,"FB35",-82.47021,27.11335,"SD",2
"88017","2013-09-04",2013,"F155",-82.64446,27.47422,"FG",2
"88605","2013-10-01",2013,"F228",-82.72968,27.53509,"SD",2
"88630","2013-10-02",2013,"LNLD",-82.47205,27.11243,"SD",2
"88633","2013-10-02",2013,"SCS2",-82.47205,27.11243,"SD",2
"88832","2013-10-10",2013,"TDTC",-82.59609,27.55285,"FG",2
"88951","2013-11-07",2013,"F241",-82.66618,27.44156,"SD",2
"88952","2013-11-07",2013,"F227",-82.66618,27.44156,"FG",2
"88959","2013-11-07",2013,"C330",-82.67227,27.44566,"FG",2
"88960","2013-11-07",2013,"F227",-82.67227,27.44566,"FG",2
"88961","2013-11-07",2013,"FB33",-82.67227,27.44566,"FG",2
"89065","2013-11-11",2013,"TNBP",-82.659,27.40508,"FG",2
"89067","2013-11-11",2013,"F232",-82.69715,27.45135,"SD",2
"89068","2013-11-11",2013,"F232",-82.69715,27.45135,"SD",2
"89112","2013-11-11",2013,"F243",-82.69299,27.46629,"FG",2
"89411","2013-12-02",2013,"F173",-82.66263,27.43884,"FG",2
"90024","2014-02-03",2014,"1494",-82.64149,27.54513,"SD",2
"90025","2014-02-03",2014,"1496",-82.64149,27.54513,"SD",2
"90026","2014-02-03",2014,"B053",-82.64149,27.54513,"SD",2
"90027","2014-02-03",2014,"B531",-82.64149,27.54513,"SD",2
"90028","2014-02-03",2014,"DAB2",-82.64149,27.54513,"SD",2
"90029","2014-02-03",2014,"DABL",-82.64149,27.54513,"SD",2
"90030","2014-02-03",2014,"F149",-82.64149,27.54513,"SD",2
"90493","2014-03-10",2014,"F133",-82.68826,27.43165,"SD",2
"90495","2014-03-10",2014,"F232",-82.68826,27.43165,"SD",2
"90743","2014-04-02",2014,"C834",-82.60819,27.4213,"SD",2
"90744","2014-04-02",2014,"F142",-82.60819,27.4213,"SD",2
"90795","2014-04-02",2014,"F149",-82.64132,27.54506,"SD",2
"90796","2014-04-02",2014,"ULY2",-82.64132,27.54506,"SD",2
"90969","2014-04-14",2014,"C935",-82.54413,27.30545,"FG",2
"91073","2014-05-06",2014,"F276",-82.69111,27.44304,"SD",2
"91189","2014-05-10",2014,"1651",-82.64414,27.41372,"SD",2
"91190","2014-05-10",2014,"C655",-82.64414,27.41372,"SD",2
"91191","2014-05-10",2014,"F165",-82.64414,27.41372,"SD",2
"91192","2014-05-10",2014,"FB65",-82.64414,27.41372,"SD",2
"91193","2014-05-10",2014,"1651",-82.64414,27.41372,"SD",2
"91215","2014-05-12",2014,"1092",-82.69262,27.47623,"FG",2
"91367","2014-05-21",2014,"1316",-82.5535,27.34774,"FG",2
"91370","2014-05-21",2014,"1253",-82.62409,27.41681,"SD",2
"91371","2014-05-21",2014,"F125",-82.62409,27.41681,"SD",2
"91372","2014-05-21",2014,"F164",-82.62409,27.41681,"SD",2
"91373","2014-05-21",2014,"F242",-82.62409,27.41681,"SD",2
"91377","2014-05-21",2014,"F242",-82.62409,27.41681,"SD",2
"93156","2014-08-30",2014,"1753",-82.57101,27.29701,"FG",2
"93160","2014-08-30",2014,"F247",-82.57101,27.29701,"FG",2
"93267","2014-09-03",2014,"1556",-82.69478,27.47679,"FG",2
"93605","2014-10-02",2014,"C834",-82.68008,27.42363,"SD",2
"93606","2014-10-02",2014,"F109",-82.68008,27.42363,"SD",2
"93609","2014-10-02",2014,"F276",-82.68008,27.42363,"SD",2
"93613","2014-10-02",2014,"C834",-82.68008,27.42363,"SD",2
"93920","2014-10-09",2014,"C798",-82.58551,27.33015,"SD",2
"93921","2014-10-09",2014,"FB79",-82.58551,27.33015,"SD",2
"94024","2014-10-20",2014,"1231",-82.69112,27.46885,"FG",2
"94156","2014-11-06",2014,"F284",-82.71275,27.49211,"FG",2
"94282","2014-11-13",2014,"F246",-82.64754,27.43357,"FG",2
"94284","2014-11-13",2014,"F197",-82.67641,27.44894,"FG",2
"94352","2014-11-13",2014,"1494",-82.68639,27.52995,"SD",2
"94353","2014-11-13",2014,"C656",-82.68639,27.52995,"SD",2
"94354","2014-11-13",2014,"FB65",-82.68639,27.52995,"SD",2
"94355","2014-11-13",2014,"HWK3",-82.68639,27.52995,"SD",2
"94358","2014-11-13",2014,"FB65",-82.68639,27.52995,"SD",2
