"","trial","id","t_weight"
"1",1,"1054",0
"2",1,"1091",5.66666666666667
"3",1,"1092",1.5
"4",1,"1093",0
"5",1,"1132",0
"6",1,"1134",0
"7",1,"1135",0
"8",1,"1231",0
"9",1,"1251",0
"10",1,"1253",1
"11",1,"1313",0
"12",1,"1314",0
"13",1,"1315",0
"14",1,"1316",0
"15",1,"1317",0
"16",1,"1351",0
"17",1,"1373",0
"18",1,"1412",0
"19",1,"1414",0
"20",1,"1415",0
"21",1,"1453",0
"22",1,"1454",1
"23",1,"1455",0
"24",1,"1456",0
"25",1,"1457",0
"26",1,"1494",2
"27",1,"1495",0
"28",1,"1496",1
"29",1,"1511",0
"30",1,"1535",0
"31",1,"1536",0
"32",1,"1551",0
"33",1,"1555",0
"34",1,"1556",0
"35",1,"1575",0
"36",1,"1591",0
"37",1,"1593",0
"38",1,"1651",1.75
"39",1,"1672",0
"40",1,"1673",0
"41",1,"1674",0
"42",1,"1711",0
"43",1,"1753",1.5
"44",1,"1791",0
"45",1,"1813",0
"46",1,"1832",0
"47",1,"1833",0
"48",1,"1834",0
"49",1,"1991",0
"50",1,"1992",0
"51",1,"2071",0
"52",1,"2091",0
"53",1,"2102",0
"54",1,"2151",0
"55",1,"2152",0
"56",1,"2193",0
"57",1,"2194",0
"58",1,"2231",0
"59",1,"2252",0
"60",1,"2253",0
"61",1,"226C",0
"62",1,"2271",0
"63",1,"2313",0
"64",1,"2SCT",0
"65",1,"2SDN",0
"66",1,"2XUU",0
"67",1,"2YEL",0
"68",1,"49IS",0
"69",1,"49LA",0
"70",1,"4C42",0
"71",1,"4C4C",1
"72",1,"AARD",0
"73",1,"AAXE",0
"74",1,"ABGL",0
"75",1,"ALH2",0
"76",1,"ALH3",0
"77",1,"ALHK",0
"78",1,"ALOT",0
"79",1,"AMTS",0
"80",1,"AMV1",0
"81",1,"AMVM",1
"82",1,"APEM",0
"83",1,"APLO",0
"84",1,"ARCE",0
"85",1,"ARRC",0
"86",1,"ARRR",0
"87",1,"ASPK",0
"88",1,"ATMM",0
"89",1,"ATNA",0
"90",1,"ATRD",0
"91",1,"B026",0
"92",1,"B032",0
"93",1,"B033",0
"94",1,"B053",1
"95",1,"B207",0
"96",1,"B226",0
"97",1,"B531",1
"98",1,"BASH",0
"99",1,"BBL2",0
"100",1,"BBL3",0
"101",1,"BBLN",0
"102",1,"BBMM",0
"103",1,"BDSP",0
"104",1,"BEAN",2
"105",1,"BEGR",2
"106",1,"BESR",0
"107",1,"BEWT",0
"108",1,"BGET",0
"109",1,"BGSQ",0
"110",1,"BIK1",0
"111",1,"BIK2",0
"112",1,"BIKO",0
"113",1,"BKH1",0
"114",1,"BKH2",0
"115",1,"BKH3",0
"116",1,"BKHO",0
"117",1,"BKTL",0
"118",1,"BKTS",0
"119",1,"BKUS",0
"120",1,"BLNK",0
"121",1,"BLTR",0
"122",1,"BMRD",0
"123",1,"BNDS",0
"124",1,"BNKP",0
"125",1,"BNSE",0
"126",1,"BOO2",0
"127",1,"BOO3",0
"128",1,"BOOC",0
"129",1,"BOOT",0
"130",1,"BOX1",0
"131",1,"BOXR",0
"132",1,"BRAC",0
"133",1,"BRAN",0
"134",1,"BRC3",0
"135",1,"BRC4",0
"136",1,"BRD2",0
"137",1,"BRD3",1
"138",1,"BRDO",0
"139",1,"BREA",0
"140",1,"BRIS",0
"141",1,"BRN1",0
"142",1,"BTCH",0
"143",1,"BTHS",0
"144",1,"BTLN",0
"145",1,"BTM2",0
"146",1,"BTTC",0
"147",1,"BTTV",0
"148",1,"BTWO",0
"149",1,"BUMI",0
"150",1,"BUZL",0
"151",1,"C075",0
"152",1,"C076",0
"153",1,"C077",0
"154",1,"C096",0
"155",1,"C114",1
"156",1,"C254",0
"157",1,"C255",0
"158",1,"C258",0
"159",1,"C259",0
"160",1,"C272",0
"161",1,"C273",0
"162",1,"C275",0
"163",1,"C276",0
"164",1,"C296",0
"165",1,"C330",0
"166",1,"C335",0
"167",1,"C336",0
"168",1,"C391",0
"169",1,"C546",0
"170",1,"C548",0
"171",1,"C554",0
"172",1,"C555",0
"173",1,"C595",0
"174",1,"C596",1
"175",1,"C597",0
"176",1,"C652",1
"177",1,"C655",1
"178",1,"C656",1
"179",1,"C793",0
"180",1,"C794",1
"181",1,"C795",2
"182",1,"C797",1
"183",1,"C798",1
"184",1,"C834",2.33333333333333
"185",1,"C835",1
"186",1,"C871",0
"187",1,"C872",0
"188",1,"C873",0
"189",1,"C874",0
"190",1,"C911",0
"191",1,"C912",0
"192",1,"C931",0
"193",1,"C932",0
"194",1,"C933",0
"195",1,"C935",1
"196",1,"C936",0
"197",1,"C991",0
"198",1,"CAES",0
"199",1,"CAM1",0
"200",1,"CATW",0
"201",1,"CBTA",0
"202",1,"CCL6",0
"203",1,"CDS2",0
"204",1,"CENT",0
"205",1,"CHAD",0
"206",1,"CHMA",0
"207",1,"CHOC",0
"208",1,"CHSL",0
"209",1,"CHTO",0
"210",1,"CIER",0
"211",1,"CL-4841",0
"212",1,"CL-4987",0
"213",1,"CL-5034",0
"214",1,"CL-5063",0
"215",1,"CL-5091",0
"216",1,"CL-5178",0
"217",1,"CL-5192",0
"218",1,"CL-5224",0
"219",1,"CL-5225",0
"220",1,"CL-5464",0
"221",1,"CL-5469",0
"222",1,"CL-5471",0
"223",1,"CL-5472",0
"224",1,"CL-5473",0
"225",1,"CL-5474",0
"226",1,"CLA2",0
"227",1,"CLAT",0
"228",1,"CLIF",0
"229",1,"CLJP",0
"230",1,"CLUE",0
"231",1,"CMRS",0
"232",1,"CONS",0
"233",1,"COST",0
"234",1,"CRAG",0
"235",1,"CRKS",0
"236",1,"CRUM",0
"237",1,"CSH3",0
"238",1,"CSPD",0
"239",1,"CTS3",0
"240",1,"CTS4",0
"241",1,"CTS5",0
"242",1,"CTW1",0
"243",1,"CTW2",0
"244",1,"CW32",0
"245",1,"CW3C",0
"246",1,"CWM3",0
"247",1,"DAB1",0
"248",1,"DAB2",1
"249",1,"DABL",1
"250",1,"DAD2",0
"251",1,"DADA",0
"252",1,"DAF1",0
"253",1,"DAF2",0
"254",1,"DAFT",0
"255",1,"DAIN",0
"256",1,"DBHN",0
"257",1,"DEDO",0
"258",1,"DIGT",0
"259",1,"DIL1",0
"260",1,"DILL",0
"261",1,"DIPT",0
"262",1,"DMDI",0
"263",1,"DRAC",0
"264",1,"DRAY",0
"265",1,"DRBY",0
"266",1,"DRM1",0
"267",1,"DRMS",0
"268",1,"DRSN",1.5
"269",1,"DTHB",0
"270",1,"DUDE",0
"271",1,"EAS1",0
"272",1,"EASY",0
"273",1,"EFHT",0
"274",1,"ELFF",1
"275",1,"ELIP",0
"276",1,"EQDT",0
"277",1,"ETMA",0
"278",1,"F100",0
"279",1,"F101",0
"280",1,"F102",0
"281",1,"F105",0
"282",1,"F106",24
"283",1,"F108",2.5
"284",1,"F109",2.66666666666667
"285",1,"F110",0
"286",1,"F111",0
"287",1,"F113",0
"288",1,"F114",0
"289",1,"F115",0
"290",1,"F117",0
"291",1,"F118",1
"292",1,"F119",0
"293",1,"F120",0
"294",1,"F123",0
"295",1,"F125",1
"296",1,"F126",0
"297",1,"F127",0
"298",1,"F128",1
"299",1,"F130",0
"300",1,"F131",0
"301",1,"F132",0
"302",1,"F133",1
"303",1,"F134",0
"304",1,"F135",0
"305",1,"F136",0
"306",1,"F137",1
"307",1,"F138",0
"308",1,"F139",0
"309",1,"F141",0
"310",1,"F142",1.25
"311",1,"F144",0
"312",1,"F146",1
"313",1,"F147",0
"314",1,"F148",1.5
"315",1,"F149",2
"316",1,"F151",0
"317",1,"F152",0
"318",1,"F153",1
"319",1,"F154",0
"320",1,"F155",2
"321",1,"F157",0
"322",1,"F158",0
"323",1,"F159",0
"324",1,"F160",0
"325",1,"F161",0
"326",1,"F162",1
"327",1,"F163",0
"328",1,"F164",1
"329",1,"F165",1.5
"330",1,"F166",0
"331",1,"F167",0
"332",1,"F169",0
"333",1,"F171",1
"334",1,"F172",0
"335",1,"F173",1
"336",1,"F174",0
"337",1,"F175",1
"338",1,"F176",1
"339",1,"F177",0
"340",1,"F178",0
"341",1,"F179",1
"342",1,"F180",0
"343",1,"F181",0
"344",1,"F182",0
"345",1,"F183",0
"346",1,"F184",0
"347",1,"F185",0
"348",1,"F186",0
"349",1,"F187",0
"350",1,"F188",2
"351",1,"F189",0
"352",1,"F190",1.5
"353",1,"F191",0
"354",1,"F192",0
"355",1,"F193",1
"356",1,"F194",1
"357",1,"F195",0
"358",1,"F196",1
"359",1,"F197",0
"360",1,"F198",1.5
"361",1,"F199",1.5
"362",1,"F200",0
"363",1,"F201",0
"364",1,"F202",0
"365",1,"F203",1
"366",1,"F205",0
"367",1,"F207",2
"368",1,"F209",2
"369",1,"F210",0
"370",1,"F211",0
"371",1,"F212",0
"372",1,"F213",0
"373",1,"F214",0
"374",1,"F215",0
"375",1,"F216",0
"376",1,"F217",0
"377",1,"F218",1
"378",1,"F219",1
"379",1,"F220",1
"380",1,"F221",1
"381",1,"F222",1.5
"382",1,"F223",0
"383",1,"F224",0
"384",1,"F225",0
"385",1,"F226",0
"386",1,"F227",1
"387",1,"F228",2.5
"388",1,"F229",0
"389",1,"F230",0
"390",1,"F231",0
"391",1,"F232",2.5
"392",1,"F233",0
"393",1,"F234",1
"394",1,"F235",1
"395",1,"F236",0
"396",1,"F237",0
"397",1,"F238",1
"398",1,"F239",0
"399",1,"F240",1
"400",1,"F241",4
"401",1,"F242",2
"402",1,"F243",0
"403",1,"F244",0
"404",1,"F245",0
"405",1,"F246",0
"406",1,"F247",0
"407",1,"F248",1
"408",1,"F249",0
"409",1,"F250",1
"410",1,"F252",1.5
"411",1,"F254",1
"412",1,"F256",0
"413",1,"F258",0
"414",1,"F260",0
"415",1,"F262",4
"416",1,"F264",0
"417",1,"F266",2.4
"418",1,"F268",0
"419",1,"F270",0
"420",1,"F272",1
"421",1,"F274",0
"422",1,"F276",1.25
"423",1,"F278",0
"424",1,"F280",0
"425",1,"F282",0
"426",1,"F284",0
"427",1,"F301",0
"428",1,"FAST",0
"429",1,"FB01",0
"430",1,"FB02",0
"431",1,"FB03",0
"432",1,"FB05",2
"433",1,"FB06",1
"434",1,"FB07",0
"435",1,"FB09",0
"436",1,"FB10",0
"437",1,"FB11",1
"438",1,"FB13",0
"439",1,"FB14",0
"440",1,"FB15",2
"441",1,"FB17",1
"442",1,"FB20",1
"443",1,"FB24",0
"444",1,"FB25",0
"445",1,"FB26",0
"446",1,"FB27",1
"447",1,"FB28",2
"448",1,"FB29",0
"449",1,"FB32",0
"450",1,"FB33",0
"451",1,"FB35",1
"452",1,"FB36",0
"453",1,"FB38",0
"454",1,"FB39",0
"455",1,"FB43",1
"456",1,"FB44",1
"457",1,"FB46",0
"458",1,"FB48",0
"459",1,"FB54",0
"460",1,"FB55",0
"461",1,"FB58",0
"462",1,"FB59",0
"463",1,"FB60",0
"464",1,"FB62",0
"465",1,"FB63",1
"466",1,"FB65",1.66666666666667
"467",1,"FB66",2.5
"468",1,"FB68",0
"469",1,"FB73",0
"470",1,"FB75",0
"471",1,"FB76",0
"472",1,"FB78",2.875
"473",1,"FB79",1.66666666666667
"474",1,"FB83",0
"475",1,"FB84",0
"476",1,"FB87",1
"477",1,"FB89",0
"478",1,"FB90",0
"479",1,"FB92",1.25
"480",1,"FB93",1.2
"481",1,"FB94",0
"482",1,"FB96",1
"483",1,"FB99",0
"484",1,"FEAT",0
"485",1,"FINS",0
"486",1,"FJSL",0
"487",1,"FLBB",0
"488",1,"FLCR",0
"489",1,"FLDG",0
"490",1,"FLEA",0
"491",1,"FNIS",0
"492",1,"FRGG",0
"493",1,"FRGI",0
"494",1,"FRN2",0
"495",1,"FRN3",0
"496",1,"FRNC",0
"497",1,"FRNG",0
"498",1,"FRNZ",0
"499",1,"FRPT",0
"500",1,"FTHS",0
"501",1,"FTLB",0
"502",1,"FUDD",0
"503",1,"FZJ1",0
"504",1,"FZJ2",0
"505",1,"FZJS",0
"506",1,"GLOS",0
"507",1,"GPHK",0
"508",1,"GPPY",0
"509",1,"GRGO",0
"510",1,"GRPS",0
"511",1,"GRW1",0
"512",1,"GRW2",0
"513",1,"GRW3",0
"514",1,"GRWW",0
"515",1,"GSKN",0
"516",1,"GTFG",0
"517",1,"GWEN",0
"518",1,"HAAK",0
"519",1,"HAIR",0
"520",1,"HAMM",0
"521",1,"HAN2",0
"522",1,"HANG",0
"523",1,"HAWC",0
"524",1,"HBM1",0
"525",1,"HBM2",0
"526",1,"HBM3",0
"527",1,"HBM4",0
"528",1,"HBMB",0
"529",1,"HBUT",0
"530",1,"HDMM",0
"531",1,"HDSK",0
"532",1,"HFLT",0
"533",1,"HILB",0
"534",1,"HIPM",0
"535",1,"HIQQ",0
"536",1,"HITS",0
"537",1,"HLP3",0
"538",1,"HLP4",0
"539",1,"HLPC",0
"540",1,"HML2",0
"541",1,"HMLC",0
"542",1,"HMLT",0
"543",1,"HMMC",0
"544",1,"HMMM",0
"545",1,"HMTN",0
"546",1,"HNB2",0
"547",1,"HNBT",0
"548",1,"HOK1",0
"549",1,"HOK2",0
"550",1,"HOKA",0
"551",1,"HOOV",0
"552",1,"HOV2",0
"553",1,"HOVA",0
"554",1,"HOVC",0
"555",1,"HPLA",0
"556",1,"HRDM",0
"557",1,"HSN2",0
"558",1,"HSN3",0
"559",1,"HSN4",0
"560",1,"HSNS",0
"561",1,"HUCK",0
"562",1,"HUEY",0
"563",1,"HVMS",0
"564",1,"HWK2",0
"565",1,"HWK3",1
"566",1,"IKN2",1
"567",1,"IKNO",0
"568",1,"J001",0
"569",1,"J007",0
"570",1,"JADE",0
"571",1,"JAGR",0
"572",1,"JAMM",0
"573",1,"JBAK",0
"574",1,"JELY",0
"575",1,"JETY",1.66666666666667
"576",1,"JGL1",0
"577",1,"JGL2",0
"578",1,"JGLD",0
"579",1,"JIG3",0
"580",1,"JOJO",0
"581",1,"JOSC",1
"582",1,"JOSE",0
"583",1,"KNIK",0
"584",1,"KNNC",0
"585",1,"KNNN",0
"586",1,"KNOB",0
"587",1,"KNOR",0
"588",1,"KNSY",0
"589",1,"KOKO",0
"590",1,"KRSN",0
"591",1,"L108",0
"592",1,"L160",0
"593",1,"LACH",0
"594",1,"LAT2",0
"595",1,"LBHL",0
"596",1,"LBLD",0
"597",1,"LBLK",0
"598",1,"LBLS",0
"599",1,"LBMA",0
"600",1,"LBMN",0
"601",1,"LBSL",0
"602",1,"LCKL",0
"603",1,"LDB1",0
"604",1,"LDBP",0
"605",1,"LDM3",0
"606",1,"LDMA",0
"607",1,"LDNK",0
"608",1,"LEON",0
"609",1,"LFLG",0
"610",1,"LHLV",0
"611",1,"LITT",0
"612",1,"LIZ1",0
"613",1,"LIZD",0
"614",1,"LLLN",0
"615",1,"LNBT",0
"616",1,"LNC2",0
"617",1,"LNC3",0
"618",1,"LNCC",2
"619",1,"LNL1",0
"620",1,"LNLD",1
"621",1,"LNPC",0
"622",1,"LNPF",0
"623",1,"LNST",0
"624",1,"LONE",0
"625",1,"LOT1",0
"626",1,"LOT2",0
"627",1,"LOT3",0
"628",1,"LOT4",0
"629",1,"LOTB",0
"630",1,"LRBD",0
"631",1,"LSPL",0
"632",1,"LSPO",0
"633",1,"LWHP",0
"634",1,"LWMN",0
"635",1,"LWP1",0
"636",1,"LWP2",0
"637",1,"LWPT",0
"638",1,"LYFN",0
"639",1,"LYLU",0
"640",1,"M145",1
"641",1,"M164",0
"642",1,"MAN1",0
"643",1,"MAN2",0
"644",1,"MAN3",0
"645",1,"MANT",0
"646",1,"MARX",0
"647",1,"MAUD",0
"648",1,"MBAB",0
"649",1,"MCM3",0
"650",1,"MCMA",0
"651",1,"MDLB",0
"652",1,"MDNK",0
"653",1,"MDPK",0
"654",1,"MDSQ",0
"655",1,"MEAD",0
"656",1,"MHBT",0
"657",1,"MIDF",0
"658",1,"MIDM",0
"659",1,"MJM2",0
"660",1,"MLOB",0
"661",1,"MLOC",0
"662",1,"MLTS",0
"663",1,"MLVN",1
"664",1,"MM72",0
"665",1,"MNC2",0
"666",1,"MNCB",0
"667",1,"MNIC",0
"668",1,"MNIK",0
"669",1,"MOCH",0
"670",1,"MOLA",0
"671",1,"MOML",0
"672",1,"MOOY",0
"673",1,"MORB",0
"674",1,"MORN",0
"675",1,"MPTB",1
"676",1,"MRMS",0
"677",1,"MRN2",0
"678",1,"MSLB",0
"679",1,"MSQ2",0
"680",1,"MSR2",0
"681",1,"MSUC",0
"682",1,"MSUM",0
"683",1,"MTB1",0
"684",1,"MTBG",0
"685",1,"MTEL",0
"686",1,"MTHR",0
"687",1,"MTLR",0
"688",1,"MTMN",0
"689",1,"MTSS",0
"690",1,"MTWO",0
"691",1,"MUBT",0
"692",1,"MVON",0
"693",1,"MYST",0
"694",1,"NACK",0
"695",1,"NADW",0
"696",1,"NANA",0
"697",1,"NHNK",0
"698",1,"NIB2",0
"699",1,"NIGT",0
"700",1,"NIK2",0
"701",1,"NIP2",0
"702",1,"NIPP",0
"703",1,"NKAL",0
"704",1,"NKL2",0
"705",1,"NKLD",0
"706",1,"NKLN",0
"707",1,"NKNN",0
"708",1,"NKS1",0
"709",1,"NKSH",0
"710",1,"NLPS",0
"711",1,"NOMS",0
"712",1,"NPK1",0
"713",1,"NPKR",0
"714",1,"OIEA",0
"715",1,"OINK",0
"716",1,"OPAL",0
"717",1,"OPTP",0
"718",1,"ORNG",0
"719",1,"OTH_1083",0
"720",1,"OTH_183",0
"721",1,"OTH_230",0
"722",1,"OTH_295",0
"723",1,"OTH_376",0
"724",1,"OTH_378",0
"725",1,"OTH_503",0
"726",1,"OTH_506",0
"727",1,"OTH_519",0
"728",1,"OTH_561",0
"729",1,"OTH_590",0
"730",1,"OTH_597",0
"731",1,"OTH_602",0
"732",1,"OTH_605",0
"733",1,"OTH_606",0
"734",1,"OTH_607",0
"735",1,"OTH_609",0
"736",1,"OTH_612",0
"737",1,"OTH_702",0
"738",1,"OTH_894",0
"739",1,"OTH_906",0
"740",1,"OTH_984",0
"741",1,"P3C1",0
"742",1,"P3C2",0
"743",1,"P3SP",0
"744",1,"PAL1",0
"745",1,"PDFT",0
"746",1,"PECK",0
"747",1,"PHIL",0
"748",1,"PHIN",0
"749",1,"PHL1",0
"750",1,"PHL2",0
"751",1,"PHNE",0
"752",1,"PIL1",0
"753",1,"PILA",0
"754",1,"PITA",0
"755",1,"PLG2",0
"756",1,"PLUG",0
"757",1,"PMID",0
"758",1,"PMTI",0
"759",1,"PN05",0
"760",1,"PNB2",0
"761",1,"PNB3",0
"762",1,"PNBC",0
"763",1,"PNBS",0
"764",1,"PNBT",0
"765",1,"PNGS",0
"766",1,"PNKD",0
"767",1,"PNTB",0
"768",1,"POCO",0
"769",1,"POLV",0
"770",1,"POOF",0
"771",1,"PORT",0
"772",1,"PPS1",0
"773",1,"PPSL",0
"774",1,"PRF2",0
"775",1,"PRF3",0
"776",1,"PRF4",0
"777",1,"PRFC",0
"778",1,"PRFR",0
"779",1,"PRN2",0
"780",1,"PROF",0
"781",1,"PRST",0
"782",1,"PSC3",0
"783",1,"PSC4",0
"784",1,"PSC5",0
"785",1,"PSC6",0
"786",1,"PSC7",0
"787",1,"PSD2",0
"788",1,"PSDQ",0
"789",1,"PUMP",0
"790",1,"Q5LA",0
"791",1,"QECD",0
"792",1,"QUIN",0
"793",1,"R27L",0
"794",1,"RCCR",0
"795",1,"RCN2",0
"796",1,"RCNM",0
"797",1,"RFIO",0
"798",1,"RFNT",0
"799",1,"RLTY",0
"800",1,"RMPL",0
"801",1,"RMUS",0
"802",1,"ROOS",0
"803",1,"ROSS",0
"804",1,"RPIA",0
"805",1,"RSFG",0
"806",1,"RT90",0
"807",1,"RT92",0
"808",1,"RTM2",0
"809",1,"RTM3",0
"810",1,"RTM4",1
"811",1,"RTM5",0
"812",1,"RTMW",0
"813",1,"RUF2",0
"814",1,"RUFF",0
"815",1,"RY34",1
"816",1,"RZLR",0
"817",1,"SBDO",0
"818",1,"SBOK",0
"819",1,"SBPE",0
"820",1,"SBPN",0
"821",1,"SBUK",0
"822",1,"SCBT",0
"823",1,"SCNE",0
"824",1,"SCS1",0
"825",1,"SCS2",2.5
"826",1,"SCSM",1.33333333333333
"827",1,"SCTN",0
"828",1,"SCUP",0
"829",1,"SDSW",0
"830",1,"SEE1",0
"831",1,"SEWL",0
"832",1,"SGDM",0
"833",1,"SGL1",0
"834",1,"SGLA",0
"835",1,"SGPP",0
"836",1,"SHBT",0
"837",1,"SHNU",0
"838",1,"SHOT",0
"839",1,"SHTC",0
"840",1,"SIM1",0
"841",1,"SIM2",0
"842",1,"SIMP",0
"843",1,"SKYE",0
"844",1,"SLIT",0
"845",1,"SLJ1",0
"846",1,"SLJY",0
"847",1,"SLLA",0
"848",1,"SMUS",0
"849",1,"SNOT",0
"850",1,"SOFA",0
"851",1,"SOGG",0
"852",1,"SOLB",0
"853",1,"SOLS",0
"854",1,"SOPO",0
"855",1,"SPAC",0
"856",1,"SPEC",0
"857",1,"SPLA",0
"858",1,"SQBT",0
"859",1,"SRDO",0
"860",1,"SRFR",0
"861",1,"SSHK",0
"862",1,"STE1",0
"863",1,"STE2",0
"864",1,"STEW",0
"865",1,"STKY",0
"866",1,"STLB",0
"867",1,"STMN",0
"868",1,"STWR",0
"869",1,"SUFL",0
"870",1,"SUMO",0
"871",1,"TABB",0
"872",1,"TAC2",0
"873",1,"TAL2",0
"874",1,"TAL3",0
"875",1,"TBEL",0
"876",1,"TBTN",0
"877",1,"TCT1",0
"878",1,"TCTV",0
"879",1,"TDT2",0
"880",1,"TDTC",0
"881",1,"TDTL",0
"882",1,"TEEN",0
"883",1,"TEKK",0
"884",1,"TELE",0
"885",1,"THAL",0
"886",1,"THNM",0
"887",1,"THRS",0
"888",1,"THTH",0
"889",1,"THUB",0
"890",1,"TIGR",0
"891",1,"TKID",0
"892",1,"TMHK",0
"893",1,"TML1",0
"894",1,"TMLT",0
"895",1,"TMSP",0
"896",1,"TNBP",0
"897",1,"TNFG",0
"898",1,"TNSC",0
"899",1,"TNSL",0
"900",1,"TONG",0
"901",1,"TOT2",0
"902",1,"TPOT",0
"903",1,"TREX",0
"904",1,"TRIF",0
"905",1,"TRIM",0
"906",1,"TRLI",0
"907",1,"TRM1",0
"908",1,"TRNO",0
"909",1,"TRTA",0
"910",1,"TSMV",0
"911",1,"TTA2",0
"912",1,"TTM3",0
"913",1,"TUPE",0
"914",1,"TWHN",0
"915",1,"UFSK",0
"916",1,"ULRU",0
"917",1,"ULTA",0
"918",1,"ULY2",1.5
"919",1,"ULY3",0
"920",1,"ULY4",0
"921",1,"ULYS",0
"922",1,"UND1",0
"923",1,"UND2",0
"924",1,"UNDG",0
"925",1,"UNLR",0
"926",1,"UPBK",0
"927",1,"URLN",0
"928",1,"VAIL",0
"929",1,"VANB",0
"930",1,"VCRO",1
"931",1,"VCUM",0
"932",1,"VIVA",0
"933",1,"VIZZ",0
"934",1,"VLKA",0
"935",1,"VNGL",0
"936",1,"VOLD",0
"937",1,"VRIP",0
"938",1,"VRLA",0
"939",1,"VST2",0
"940",1,"VSTC",0
"941",1,"VSTH",0
"942",1,"VTHN",0
"943",1,"WALT",0
"944",1,"WAN1",0
"945",1,"WAND",0
"946",1,"WEBS",0
"947",1,"WEEZ",0
"948",1,"WEN1",0
"949",1,"WENT",0
"950",1,"WHAT",0
"951",1,"WHIT",0
"952",1,"WHMR",0
"953",1,"WHOO",0
"954",1,"WHTS",0
"955",1,"WHYY",0
"956",1,"WIFF",0
"957",1,"WILL",0
"958",1,"WIN1",0
"959",1,"WINE",0
"960",1,"WINN",0
"961",1,"WINS",0
"962",1,"WLDC",0
"963",1,"WLET",1
"964",1,"WLFL",0
"965",1,"WORM",0
"966",1,"WRTH",0
"967",1,"WTAB",0
"968",1,"WTKN",0
"969",1,"WTMA",0
"970",1,"WTMS",0
"971",1,"WVLT",0
"972",1,"WWJD",0
"973",1,"XERX",0
"974",1,"XYLO",0
"975",1,"YANK",2
"976",1,"YELP",0
"977",1,"YIKE",0
"978",1,"YOKE",0
"979",1,"ZBRA",0
"980",1,"ZEDC",0
"981",1,"ZEL1",0
"982",1,"ZEL2",0
"983",1,"ZEL3",0
"984",1,"ZEL4",0
"985",1,"ZELD",0
"986",1,"ZENN",0
"987",1,"ZIPP",0
"988",1,"ZOOK",0
"989",1,"ZPP1",0
"990",1,"ZRB2",0
"991",1,"ZRBA",0
"992",1,"ZRBC",0
"993",1,"ZULU",0
