"","id","sex"
"1","1054",1
"2","1091",0
"3","1092",0
"4","1093",1
"5","1132",1
"6","1134",1
"7","1135",1
"8","1231",0
"9","1251",1
"10","1253",0
"11","1313",1
"12","1314",1
"13","1315",0
"14","1316",0
"15","1317",1
"16","1351",1
"17","1373",0
"18","1412",1
"19","1414",1
"20","1415",1
"21","1452",1
"22","1453",1
"23","1454",1
"24","1455",1
"25","1456",1
"26","1457",1
"27","1494",0
"28","1495",0
"29","1496",0
"30","1511",0
"31","1535",1
"32","1536",0
"33","1551",1
"34","1555",1
"35","1556",0
"36","1575",1
"37","1591",0
"38","1593",0
"39","1651",0
"40","1672",1
"41","1673",1
"42","1674",0
"43","1711",1
"44","1753",0
"45","1791",1
"46","1813",1
"47","1832",1
"48","1833",1
"49","1834",1
"50","1991",1
"51","1992",0
"52","2071",0
"53","2091",0
"54","2102",1
"55","2151",0
"56","2152",0
"57","2193",1
"58","2194",1
"59","2231",0
"60","2252",0
"61","2253",0
"62","226C",0
"63","2271",0
"64","2313",1
"65","2SCT",1
"66","2SDN",0
"67","2XUU",0
"68","2YEL",1
"69","49C3",1
"70","49IS",1
"71","49LA",0
"72","4C42",1
"73","4C4C",1
"74","AARD",0
"75","AAXE",1
"76","ABGL",1
"77","ALH2",1
"78","ALH3",1
"79","ALHK",0
"80","ALKC",1
"81","ALOT",1
"82","AMTS",0
"83","AMV1",0
"84","AMVM",0
"85","APEM",1
"86","APLO",1
"87","ARCE",1
"88","ARRC",1
"89","ARRR",0
"90","ASPK",0
"91","ATMM",1
"92","ATNA",0
"93","ATRD",0
"94","B026",0
"95","B032",0
"96","B033",0
"97","B053",0
"98","B207",1
"99","B226",0
"100","B531",0
"101","BASH",1
"102","BBL2",1
"103","BBL3",1
"104","BBLN",0
"105","BBMM",1
"106","BDSP",0
"107","BEAN",1
"108","BEGR",0
"109","BESR",1
"110","BEWT",1
"111","BGET",1
"112","BGSQ",0
"113","BIK1",1
"114","BIK2",1
"115","BIKO",0
"116","BKH1",1
"117","BKH2",1
"118","BKH3",1
"119","BKHO",0
"120","BKTL",1
"121","BKTS",1
"122","BKUS",1
"123","BLNK",1
"124","BLTR",1
"125","BMRD",1
"126","BNDS",0
"127","BNKP",1
"128","BNSE",1
"129","BOO2",1
"130","BOO3",0
"131","BOOC",1
"132","BOOT",0
"133","BOX1",0
"134","BOXR",0
"135","BRAC",0
"136","BRAN",0
"137","BRC3",1
"138","BRC4",1
"139","BRCH",1
"140","BRD2",0
"141","BRD3",0
"142","BRDO",0
"143","BREA",1
"144","BRIS",0
"145","BRN1",1
"146","BTCH",1
"147","BTHS",0
"148","BTHV",1
"149","BTLE",0
"150","BTLN",0
"151","BTM2",1
"152","BTMV",1
"153","BTTC",1
"154","BTTV",0
"155","BTWO",1
"156","BUMI",1
"157","BUZL",1
"158","C073",1
"159","C075",1
"160","C076",1
"161","C077",1
"162","C096",1
"163","C114",0
"164","C254",0
"165","C255",0
"166","C258",0
"167","C259",1
"168","C272",1
"169","C273",1
"170","C275",1
"171","C276",1
"172","C295",1
"173","C296",1
"174","C330",0
"175","C335",0
"176","C336",0
"177","C391",1
"178","C546",1
"179","C548",0
"180","C554",1
"181","C555",0
"182","C574",1
"183","C595",1
"184","C596",0
"185","C597",1
"186","C652",1
"187","C655",0
"188","C656",1
"189","C717",0
"190","C755",1
"191","C793",1
"192","C794",1
"193","C795",1
"194","C797",0
"195","C798",0
"196","C834",0
"197","C835",0
"198","C871",1
"199","C872",0
"200","C873",1
"201","C874",1
"202","C911",1
"203","C912",1
"204","C931",0
"205","C932",1
"206","C933",0
"207","C935",0
"208","C936",0
"209","C991",0
"210","CAES",1
"211","CAM1",0
"212","CATW",0
"213","CBTA",1
"214","CCL6",1
"215","CDS2",1
"216","CENT",1
"217","CHAD",0
"218","CHK2",0
"219","CHMA",0
"220","CHOC",1
"221","CHSL",0
"222","CHTO",1
"223","CIER",1
"224","CKB2",1
"225","CL-4841",1
"226","CL-4987",1
"227","CL-5034",1
"228","CL-5063",1
"229","CL-5091",1
"230","CL-5178",1
"231","CL-5192",1
"232","CL-5224",1
"233","CL-5225",1
"234","CL-5464",1
"235","CL-5469",1
"236","CL-5471",1
"237","CL-5472",1
"238","CL-5473",1
"239","CL-5474",1
"240","CLA2",0
"241","CLAT",0
"242","CLIF",1
"243","CLJP",1
"244","CLUE",1
"245","CMRS",0
"246","CONS",0
"247","COST",1
"248","CPS2",1
"249","CRAG",1
"250","CRKS",1
"251","CRUM",1
"252","CSH3",1
"253","CSPD",1
"254","CTS2",1
"255","CTS3",0
"256","CTS4",1
"257","CTS5",1
"258","CTW1",1
"259","CTW2",1
"260","CW32",1
"261","CW3C",1
"262","CWM3",0
"263","CWM4",1
"264","DAB1",0
"265","DAB2",1
"266","DABL",0
"267","DAD2",1
"268","DADA",0
"269","DAF1",1
"270","DAF2",1
"271","DAFT",0
"272","DAIN",0
"273","DBHN",1
"274","DEDO",0
"275","DIGT",0
"276","DIL1",1
"277","DILL",0
"278","DIPT",0
"279","DMDI",1
"280","DRAC",0
"281","DRAY",0
"282","DRBY",1
"283","DRM1",1
"284","DRMS",0
"285","DRSN",0
"286","DTHB",1
"287","DUDE",0
"288","EAS1",1
"289","EASY",0
"290","EFHT",1
"291","ELFF",0
"292","ELIP",1
"293","EQDT",1
"294","ETMA",0
"295","F100",0
"296","F101",0
"297","F102",0
"298","F105",0
"299","F106",0
"300","F107",0
"301","F108",0
"302","F109",0
"303","F110",0
"304","F111",0
"305","F112",0
"306","F113",0
"307","F114",0
"308","F115",0
"309","F116",0
"310","F117",0
"311","F118",0
"312","F119",0
"313","F120",0
"314","F122",0
"315","F123",0
"316","F125",0
"317","F126",0
"318","F127",0
"319","F128",0
"320","F130",0
"321","F131",0
"322","F132",0
"323","F133",0
"324","F134",0
"325","F135",0
"326","F136",0
"327","F137",0
"328","F138",0
"329","F139",0
"330","F141",0
"331","F142",0
"332","F144",0
"333","F146",0
"334","F147",0
"335","F148",0
"336","F149",0
"337","F151",0
"338","F152",0
"339","F153",0
"340","F154",0
"341","F155",0
"342","F157",0
"343","F158",0
"344","F159",0
"345","F160",0
"346","F161",0
"347","F162",0
"348","F163",0
"349","F164",0
"350","F165",0
"351","F166",0
"352","F167",0
"353","F169",0
"354","F171",0
"355","F172",0
"356","F173",0
"357","F174",0
"358","F175",0
"359","F176",0
"360","F177",0
"361","F178",0
"362","F179",0
"363","F180",0
"364","F181",0
"365","F182",0
"366","F183",0
"367","F184",0
"368","F185",0
"369","F186",0
"370","F187",0
"371","F188",0
"372","F189",0
"373","F190",0
"374","F191",0
"375","F192",0
"376","F193",0
"377","F194",0
"378","F195",0
"379","F196",0
"380","F197",0
"381","F198",0
"382","F199",0
"383","F200",0
"384","F201",0
"385","F202",0
"386","F203",0
"387","F205",0
"388","F207",0
"389","F209",0
"390","F210",0
"391","F211",0
"392","F212",0
"393","F213",0
"394","F214",0
"395","F215",0
"396","F216",0
"397","F217",0
"398","F218",0
"399","F219",0
"400","F220",0
"401","F221",0
"402","F222",0
"403","F223",0
"404","F224",0
"405","F225",0
"406","F226",0
"407","F227",0
"408","F228",0
"409","F229",0
"410","F230",0
"411","F231",0
"412","F232",0
"413","F233",0
"414","F234",0
"415","F235",0
"416","F236",0
"417","F237",0
"418","F238",0
"419","F239",0
"420","F240",0
"421","F241",0
"422","F242",0
"423","F243",0
"424","F244",0
"425","F245",0
"426","F246",0
"427","F247",0
"428","F248",0
"429","F249",0
"430","F250",0
"431","F252",0
"432","F254",0
"433","F256",0
"434","F258",0
"435","F260",0
"436","F262",0
"437","F264",0
"438","F266",0
"439","F268",0
"440","F270",0
"441","F272",0
"442","F274",0
"443","F276",0
"444","F278",0
"445","F280",0
"446","F282",0
"447","F284",0
"448","F301",0
"449","FAST",1
"450","FB01",0
"451","FB02",0
"452","FB03",0
"453","FB05",0
"454","FB06",0
"455","FB07",0
"456","FB09",0
"457","FB10",0
"458","FB11",0
"459","FB12",0
"460","FB13",0
"461","FB14",0
"462","FB15",0
"463","FB17",0
"464","FB20",0
"465","FB23",0
"466","FB24",0
"467","FB25",0
"468","FB26",0
"469","FB27",0
"470","FB28",0
"471","FB29",0
"472","FB32",0
"473","FB33",0
"474","FB34",0
"475","FB35",0
"476","FB36",0
"477","FB38",0
"478","FB39",0
"479","FB41",0
"480","FB43",0
"481","FB44",0
"482","FB46",0
"483","FB48",0
"484","FB54",0
"485","FB55",0
"486","FB57",0
"487","FB58",0
"488","FB59",0
"489","FB60",0
"490","FB62",0
"491","FB63",0
"492","FB65",0
"493","FB66",0
"494","FB68",0
"495","FB70",0
"496","FB71",0
"497","FB73",0
"498","FB75",0
"499","FB76",0
"500","FB78",0
"501","FB79",0
"502","FB83",0
"503","FB84",0
"504","FB87",0
"505","FB89",0
"506","FB90",0
"507","FB92",0
"508","FB93",0
"509","FB94",0
"510","FB96",0
"511","FB98",0
"512","FB99",0
"513","FEAT",0
"514","FINS",1
"515","FJSL",1
"516","FLBB",1
"517","FLCR",1
"518","FLDG",1
"519","FLEA",1
"520","FLTP",0
"521","FNIS",1
"522","FRGG",0
"523","FRGI",1
"524","FRN2",1
"525","FRN3",1
"526","FRNC",1
"527","FRNG",0
"528","FRNZ",1
"529","FRPT",1
"530","FTHS",1
"531","FTLB",1
"532","FUDD",1
"533","FZJ1",1
"534","FZJ2",1
"535","FZJS",0
"536","GLOS",1
"537","GPHK",1
"538","GPPY",1
"539","GRC1",1
"540","GRC2",1
"541","GRGO",0
"542","GRPS",1
"543","GRW1",1
"544","GRW2",1
"545","GRW3",1
"546","GRWW",0
"547","GSKN",1
"548","GTFG",1
"549","GWEN",0
"550","HAAK",1
"551","HAIR",0
"552","HAMM",0
"553","HAN2",1
"554","HANG",0
"555","HAWC",1
"556","HBM1",1
"557","HBM2",0
"558","HBM3",1
"559","HBM4",1
"560","HBMB",0
"561","HBUT",1
"562","HDMM",1
"563","HDSK",1
"564","HFLT",1
"565","HILB",0
"566","HIPC",1
"567","HIPM",0
"568","HIQQ",0
"569","HITS",0
"570","HLP3",1
"571","HLP4",0
"572","HLPC",1
"573","HML2",0
"574","HMLC",1
"575","HMLS",1
"576","HMLT",0
"577","HMMC",1
"578","HMMM",0
"579","HMTN",1
"580","HNB2",1
"581","HNBT",0
"582","HNSC",1
"583","HOK1",1
"584","HOK2",0
"585","HOKA",0
"586","HOOV",1
"587","HOV2",0
"588","HOVA",0
"589","HOVC",0
"590","HPLA",0
"591","HRDM",1
"592","HSN2",1
"593","HSN3",1
"594","HSN4",1
"595","HSNS",0
"596","HUCK",1
"597","HUEY",1
"598","HVMS",0
"599","HWK2",1
"600","HWK3",0
"601","IKN2",0
"602","IKNC",1
"603","IKNO",0
"604","J001",0
"605","J007",1
"606","JADE",1
"607","JAGG",1
"608","JAGR",0
"609","JAMM",1
"610","JAWS",1
"611","JBAK",0
"612","JELY",1
"613","JETY",0
"614","JGL1",1
"615","JGL2",1
"616","JGLD",0
"617","JIG3",0
"618","JOJO",1
"619","JOSC",0
"620","JOSE",0
"621","KMBT",1
"622","KNIK",1
"623","KNNC",1
"624","KNNN",0
"625","KNOB",0
"626","KNOR",1
"627","KNSY",1
"628","KOKO",0
"629","KRSN",1
"630","L108",1
"631","L160",1
"632","LACH",1
"633","LAT2",1
"634","LBHL",1
"635","LBLD",1
"636","LBLK",0
"637","LBLS",0
"638","LBMA",0
"639","LBMN",1
"640","LBSC",1
"641","LBSL",1
"642","LBT1",1
"643","LBTY",0
"644","LCDB",1
"645","LCKL",0
"646","LDB1",1
"647","LDBP",0
"648","LDM3",0
"649","LDMA",0
"650","LDNK",1
"651","LEON",1
"652","LFLG",0
"653","LGSC",1
"654","LHLV",1
"655","LITT",1
"656","LIZ1",1
"657","LIZD",0
"658","LLLN",0
"659","LNBT",1
"660","LNC2",1
"661","LNC3",1
"662","LNCC",0
"663","LNL1",1
"664","LNLD",0
"665","LNPC",0
"666","LNPF",0
"667","LNST",1
"668","LOBE",1
"669","LONE",1
"670","LOT1",1
"671","LOT2",1
"672","LOT3",1
"673","LOT4",1
"674","LOTB",0
"675","LRBD",1
"676","LSPL",1
"677","LSPO",0
"678","LTET",1
"679","LTS2",1
"680","LTSM",0
"681","LWHP",1
"682","LWMN",1
"683","LWP1",0
"684","LWP2",1
"685","LWPT",0
"686","LYFN",1
"687","LYLU",1
"688","M145",0
"689","M164",1
"690","MAN1",1
"691","MAN2",1
"692","MAN3",1
"693","MANT",0
"694","MARX",1
"695","MAUD",1
"696","MBAB",1
"697","MCM2",1
"698","MCM3",1
"699","MCMA",0
"700","MDLB",0
"701","MDNK",0
"702","MDPK",1
"703","MDSQ",1
"704","MEAD",0
"705","MHBT",1
"706","MIDF",0
"707","MIDM",0
"708","MJM2",1
"709","MLOB",0
"710","MLOC",1
"711","MLTS",1
"712","MLVN",1
"713","MM62",1
"714","MM72",0
"715","MNC2",1
"716","MNCB",0
"717","MNIC",1
"718","MNIK",0
"719","MOCH",1
"720","MOLA",0
"721","MOML",1
"722","MOOY",1
"723","MORB",0
"724","MORN",0
"725","MPTB",0
"726","MRMS",1
"727","MRN2",1
"728","MSLB",0
"729","MSQ2",1
"730","MSQL",1
"731","MSR2",1
"732","MSUC",1
"733","MSUM",0
"734","MTB1",1
"735","MTBG",0
"736","MTEL",1
"737","MTHR",1
"738","MTLR",1
"739","MTMN",0
"740","MTSS",0
"741","MTWO",0
"742","MUBT",1
"743","MVON",0
"744","MYST",0
"745","NACK",0
"746","NADW",1
"747","NANA",0
"748","NHNK",1
"749","NIB2",0
"750","NIGT",1
"751","NIK2",1
"752","NIP2",1
"753","NIPP",1
"754","NKAL",1
"755","NKL2",1
"756","NKLD",1
"757","NKLN",0
"758","NKNN",0
"759","NKS1",1
"760","NKSH",0
"761","NLPS",1
"762","NOMS",0
"763","NPK1",1
"764","NPKR",0
"765","OIEA",1
"766","OINK",1
"767","OPAL",1
"768","OPTP",1
"769","ORNG",1
"770","OTH_1083",1
"771","OTH_183",1
"772","OTH_230",1
"773","OTH_295",1
"774","OTH_376",1
"775","OTH_378",1
"776","OTH_441",1
"777","OTH_456",1
"778","OTH_487",1
"779","OTH_503",1
"780","OTH_506",1
"781","OTH_519",1
"782","OTH_561",1
"783","OTH_590",1
"784","OTH_591",1
"785","OTH_597",1
"786","OTH_601",1
"787","OTH_602",1
"788","OTH_605",1
"789","OTH_606",1
"790","OTH_607",1
"791","OTH_609",1
"792","OTH_610",1
"793","OTH_612",1
"794","OTH_702",1
"795","OTH_707",1
"796","OTH_894",1
"797","OTH_906",1
"798","OTH_984",1
"799","P3C1",1
"800","P3C2",1
"801","P3SP",1
"802","PAL1",1
"803","PDFT",1
"804","PECK",1
"805","PHIL",0
"806","PHIN",0
"807","PHL1",1
"808","PHL2",0
"809","PHNE",1
"810","PIL1",1
"811","PILA",0
"812","PITA",1
"813","PLG2",1
"814","PLUG",0
"815","PMID",1
"816","PMTI",1
"817","PN04",1
"818","PN05",0
"819","PNB2",1
"820","PNB3",1
"821","PNBC",0
"822","PNBS",0
"823","PNBT",0
"824","PNGS",1
"825","PNKD",1
"826","PNTB",0
"827","POCO",1
"828","POLV",0
"829","POOF",1
"830","PORT",0
"831","PPS1",1
"832","PPSL",0
"833","PRF2",1
"834","PRF3",1
"835","PRF4",1
"836","PRFC",1
"837","PRFR",0
"838","PRN2",0
"839","PROF",1
"840","PRST",1
"841","PSB2",1
"842","PSBZ",0
"843","PSC3",0
"844","PSC4",1
"845","PSC5",1
"846","PSC6",1
"847","PSC7",1
"848","PSD2",1
"849","PSDQ",0
"850","PUMP",1
"851","Q5LA",1
"852","QECD",0
"853","QUIN",0
"854","R27L",1
"855","RCCR",1
"856","RCN2",1
"857","RCNM",0
"858","RFIO",1
"859","RFNT",0
"860","RLTY",1
"861","RMPL",1
"862","RMUS",1
"863","ROOS",1
"864","ROSS",1
"865","RPIA",1
"866","RPPL",1
"867","RSFG",1
"868","RT90",0
"869","RT92",1
"870","RTM2",1
"871","RTM3",0
"872","RTM4",1
"873","RTM5",1
"874","RTMW",0
"875","RUBB",1
"876","RUF2",1
"877","RUFF",1
"878","RY34",0
"879","RZLR",1
"880","SBDO",0
"881","SBOK",1
"882","SBPE",1
"883","SBPN",1
"884","SBUK",0
"885","SCBT",1
"886","SCNE",1
"887","SCOR",1
"888","SCS1",0
"889","SCS2",0
"890","SCSM",0
"891","SCTN",0
"892","SCUP",1
"893","SDSW",1
"894","SEE1",1
"895","SEWL",1
"896","SGDM",1
"897","SGL1",1
"898","SGLA",0
"899","SGPP",0
"900","SHBT",1
"901","SHNU",1
"902","SHOT",0
"903","SHTC",0
"904","SIM1",1
"905","SIM2",1
"906","SIMP",0
"907","SKYE",1
"908","SLIT",0
"909","SLJ1",1
"910","SLJY",1
"911","SLLA",0
"912","SLMS",0
"913","SMUS",1
"914","SNOT",1
"915","SOFA",1
"916","SOGG",0
"917","SOLB",0
"918","SOLS",1
"919","SOPO",1
"920","SPAC",0
"921","SPEC",1
"922","SPIK",1
"923","SPLA",1
"924","SPTL",1
"925","SQBT",0
"926","SRDO",1
"927","SRFR",1
"928","SSHK",1
"929","STE1",1
"930","STE2",1
"931","STEW",0
"932","STKY",1
"933","STLB",1
"934","STMN",1
"935","STWR",1
"936","SUFL",0
"937","SUMO",1
"938","SURR",1
"939","TABB",1
"940","TAC2",1
"941","TAL2",0
"942","TAL3",0
"943","TBEL",1
"944","TBTN",0
"945","TCT1",1
"946","TCTV",0
"947","TDT2",1
"948","TDTC",0
"949","TDTL",0
"950","TEEN",1
"951","TEKK",0
"952","TELE",1
"953","TFMS",1
"954","THAL",1
"955","THMN",0
"956","THNM",1
"957","THOC",1
"958","THOR",0
"959","THRS",1
"960","THTH",0
"961","THUB",1
"962","TIGR",1
"963","TKID",0
"964","TMHK",1
"965","TML1",1
"966","TMLT",0
"967","TMSP",0
"968","TNBP",1
"969","TNFG",1
"970","TNSC",0
"971","TNSL",1
"972","TONG",1
"973","TOT2",1
"974","TPOT",1
"975","TREX",1
"976","TRIF",0
"977","TRIM",0
"978","TRLI",0
"979","TRM1",1
"980","TRNO",0
"981","TRTA",0
"982","TSMV",0
"983","TTA2",1
"984","TTM3",0
"985","TTOO",1
"986","TUPE",1
"987","TWHN",1
"988","UFSK",1
"989","ULRU",0
"990","ULTA",1
"991","ULY2",1
"992","ULY3",1
"993","ULY4",1
"994","ULYS",0
"995","UND1",1
"996","UND2",1
"997","UNDG",0
"998","UNLR",1
"999","UPBK",1
"1000","URLN",1
"1001","USLN",1
"1002","VAIL",1
"1003","VANB",0
"1004","VCRO",0
"1005","VCUM",1
"1006","VIVA",1
"1007","VIZZ",1
"1008","VLKA",0
"1009","VNGL",1
"1010","VOLD",1
"1011","VRIP",1
"1012","VRLA",1
"1013","VST2",1
"1014","VSTC",0
"1015","VSTH",0
"1016","VTHN",1
"1017","WALT",1
"1018","WAN1",1
"1019","WAND",0
"1020","WEBS",1
"1021","WEEZ",1
"1022","WEN1",1
"1023","WENT",0
"1024","WHAT",1
"1025","WHIT",1
"1026","WHMR",1
"1027","WHOO",0
"1028","WHTS",1
"1029","WHYY",1
"1030","WIFF",0
"1031","WILL",0
"1032","WIN1",1
"1033","WINE",1
"1034","WINN",0
"1035","WINS",1
"1036","WLDC",0
"1037","WLET",0
"1038","WLFL",1
"1039","WORM",1
"1040","WRTH",1
"1041","WTAB",1
"1042","WTKN",1
"1043","WTMA",0
"1044","WTMS",1
"1045","WVLT",1
"1046","WWJD",1
"1047","XERX",1
"1048","XYLO",1
"1049","YANK",0
"1050","YELP",0
"1051","YIKE",1
"1052","YOKE",1
"1053","ZBRA",1
"1054","ZEDC",1
"1055","ZEL1",1
"1056","ZEL2",0
"1057","ZEL3",1
"1058","ZEL4",1
"1059","ZELD",0
"1060","ZENN",1
"1061","ZIPP",0
"1062","ZOOK",1
"1063","ZPP1",1
"1064","ZRB2",1
"1065","ZRBA",0
"1066","ZRBC",0
"1067","ZULU",1
