"","Alias","HI_Indiv","Mom","Sex","BirthYear","Demons_HI_forage"
"1","1054",0,"F105",NA,"1991","no"
"2","1091",1,"F109","Female","2006","no"
"3","1092",1,"F109","Female","2010","no"
"4","1093",0,"F109",NA,"2013","no"
"5","1132",0,"F113",NA,"2007","no"
"6","1134",0,"F113",NA,"2013","no"
"7","1135",0,"F113",NA,"2014","no"
"8","1231",1,"F123","Male","2012","no"
"9","1251",0,"F125",NA,"2005","no"
"10","1253",1,"F125","Male","2011","no"
"11","1312",0,"F131","Male","1999","no"
"12","1313",0,"F131",NA,"2002","no"
"13","1314",0,"F131",NA,"2004","no"
"14","1315",1,"F131","Male","2006","no"
"15","1316",1,"F131","Female","2010","no"
"16","1317",0,"F131",NA,"2013","no"
"17","1351",0,"F135",NA,"2010","no"
"18","1373",0,"F137","Female","2014","no"
"19","1412",0,"F141",NA,"2004","no"
"20","1414",0,"F141",NA,"2011","no"
"21","1415",0,"F141",NA,"2014","no"
"22","1452",0,"M145",NA,NA,"no"
"23","1453",0,"M145",NA,"2002","no"
"24","1454",1,"M145",NA,"<2006","no"
"25","1455",0,"M145",NA,"2008","no"
"26","1456",0,"M145",NA,"2011","no"
"27","1457",0,"M145",NA,"2014","no"
"28","1494",1,"F149","Female","2005","no"
"29","1495",0,"F149","Female","2010","no"
"30","1496",1,"F149","Female","2013","no"
"31","1511",0,"F151","Probable Female","2011","no"
"32","1535",1,"F153",NA,"1995","no"
"33","1536",0,"F153","Male","1999","no"
"34","1551",0,"F155",NA,"1999","no"
"35","1555",0,"F155",NA,"2012","no"
"36","1556",1,"F155","Male","2013","no"
"37","1575",0,"F157",NA,"2008","no"
"38","1591",0,"F159","Female","2008","no"
"39","1593",0,"F159","Male","2013","no"
"40","1651",1,"F165","Female","2011","no"
"41","1672",0,"F167",NA,"2005","no"
"42","1673",0,"F167",NA,"2010","no"
"43","1674",0,"F167","Female","2013","no"
"44","1711",0,"F171",NA,"2012","no"
"45","1753",1,"F175","Female","2008","no"
"46","1791",0,"F179",NA,"2013","no"
"47","1813",0,"F181",NA,"2008","no"
"48","1832",1,"F183",NA,"1993","no"
"49","1833",0,"F183",NA,"1998","no"
"50","1834",0,"F183",NA,"2006","no"
"51","1931",0,"F193",NA,"1991","no"
"52","1932",0,"F193",NA,"<1997","no"
"53","1991",0,"F199",NA,"2011","no"
"54","1992",0,"F199","Female","2013","no"
"55","2071",0,"F207","Female","2014","no"
"56","2091",0,"F209","Female","2013","no"
"57","2102",0,"F210",NA,NA,"no"
"58","2151",0,"F215","Female","2009","no"
"59","2152",0,"F215","Male","2013","no"
"60","2193",0,"F219",NA,"2010","no"
"61","2194",0,"F219",NA,"2013","no"
"62","2231",0,"F223","Male","2013","no"
"63","2252",0,"F225","Female","<2007","no"
"64","2253",0,"F225","Male","2011","no"
"65","226C",0,"B226","Female","2007","no"
"66","2271",0,"F227","Male","2014","no"
"67","2313",0,"F231",NA,"2012","no"
"68","2SCT",0,"SCTN",NA,"2006","no"
"69","2SDC",0,"2SDN",NA,NA,"no"
"70","2SDN",0,NA,"Female",NA,"no"
"71","2XUU",0,NA,"Male",NA,"no"
"72","2YEL",0,"YELP",NA,"2008","no"
"73","49C3",0,"49LA",NA,"<1993","no"
"74","49IS",0,NA,NA,NA,"no"
"75","49LA",1,NA,"Probable Female",NA,"no"
"76","4C42",0,"F219",NA,"2008","no"
"77","4C4C",1,"F219",NA,"2003","no"
"78","AAR2",0,NA,NA,NA,"no"
"79","AARD",0,NA,"Probable Female",NA,"no"
"80","AAXE",0,NA,NA,NA,"no"
"81","ABGL",0,NA,NA,NA,"no"
"82","ALH2",0,"ALHK",NA,NA,"no"
"83","ALH3",0,"ALHK",NA,"2004","no"
"84","ALHK",0,NA,"Female",NA,"no"
"85","ALKC",0,"ALHK",NA,"1996?","no"
"86","ALOT",0,"TEKK",NA,NA,"no"
"87","AMTS",0,NA,"Male",NA,"no"
"88","AMV1",0,"AMVM","Female","2011","no"
"89","AMVM",1,NA,"Probable Female",NA,"no"
"90","APEM",0,NA,NA,NA,"no"
"91","APLO",0,NA,NA,NA,"no"
"92","ARCE",0,NA,NA,NA,"no"
"93","ARRC",0,"ARRR",NA,"2004","no"
"94","ARRR",0,NA,"Female",NA,"no"
"95","ASPK",0,NA,"Male",NA,"no"
"96","ATMM",0,NA,NA,"1997","no"
"97","ATNA",0,NA,"Female",NA,"no"
"98","ATRD",0,NA,"Probable Female",NA,"no"
"99","B026",0,NA,"Male",NA,"no"
"100","B032",0,NA,"Male",NA,"no"
"101","B033",0,NA,"Female",NA,"no"
"102","B053",1,"MDNK","Female","<2003","no"
"103","B207",1,NA,NA,NA,"no"
"104","B226",0,NA,"Female",NA,"no"
"105","B531",1,"B053","Female","2013","no"
"106","BASH",0,NA,NA,NA,"no"
"107","BBL2",0,"BBLN",NA,"1993","no"
"108","BBL3",0,"BBLN",NA,NA,"no"
"109","BBLN",0,NA,"Probable Female",NA,"no"
"110","BBMM",0,NA,NA,NA,"no"
"111","BDSP",0,NA,"Male",NA,"no"
"112","BEAN",1,"PINT",NA,NA,"no"
"113","BEGR",1,NA,"Male","1980","no"
"114","BESR",0,NA,NA,NA,"no"
"115","BEWT",0,NA,NA,NA,"no"
"116","BGET",0,NA,NA,NA,"no"
"117","BGSQ",0,NA,"Male",NA,"no"
"118","BIK1",0,"BIKO",NA,NA,"no"
"119","BIK2",0,"BIKO",NA,"2010","no"
"120","BIKO",0,NA,"Female",NA,"no"
"121","BKH1",0,"BKHO",NA,NA,"no"
"122","BKH2",0,"BKHO",NA,NA,"no"
"123","BKH3",0,"BKHO",NA,NA,"no"
"124","BKHO",0,NA,"Probable Female",NA,"no"
"125","BKTL",0,NA,NA,NA,"no"
"126","BKTS",0,NA,NA,NA,"no"
"127","BKUS",0,NA,NA,NA,"no"
"128","BLNK",0,NA,NA,NA,"no"
"129","BLTR",0,NA,NA,NA,"no"
"130","BMRD",0,NA,NA,NA,"no"
"131","BNDS",0,NA,"Probable Female",NA,"no"
"132","BNKP",0,NA,NA,NA,"no"
"133","BNSE",0,NA,NA,NA,"no"
"134","BOO2",0,"BOOT",NA,NA,"no"
"135","BOO3",0,"BOOT","Male","2013","no"
"136","BOOC",0,"BOOT",NA,NA,"no"
"137","BOOT",0,NA,"Female",NA,"no"
"138","BOX1",0,"BOXR","Female","2006","no"
"139","BOXR",0,NA,"Female",NA,"no"
"140","BRAC",0,NA,"Probable Female",NA,"no"
"141","BRAN",0,NA,"Female",NA,"no"
"142","BRC2",0,"BRAC",NA,NA,"no"
"143","BRC3",0,"BRAC",NA,NA,"no"
"144","BRC4",0,"BRAC",NA,NA,"no"
"145","BRCC",0,"BRAC",NA,NA,"no"
"146","BRCH",0,NA,NA,NA,"no"
"147","BRD2",1,"BRDO","Male","1996","no"
"148","BRD3",1,"BRDO","Male","2001","no"
"149","BRDO",1,NA,"Female","1972","no"
"150","BREA",0,NA,NA,NA,"no"
"151","BRIS",0,NA,"Female",NA,"no"
"152","BRN1",0,"BRAN",NA,NA,"no"
"153","BTCH",0,NA,NA,NA,"no"
"154","BTHS",0,NA,"Probable Male",NA,"no"
"155","BTHV",0,NA,NA,NA,"no"
"156","BTLE",0,NA,"Probable Female",NA,"no"
"157","BTLN",0,NA,"Probable Female",NA,"no"
"158","BTM2",0,NA,NA,NA,"no"
"159","BTMV",0,NA,NA,NA,"no"
"160","BTTC",0,"BTTV",NA,NA,"no"
"161","BTTV",0,NA,"Probable Female",NA,"no"
"162","BTWO",0,NA,NA,NA,"no"
"163","BUMI",0,NA,NA,NA,"no"
"164","BUZL",0,NA,NA,NA,"no"
"165","C072",0,"FB07","Female","1993","no"
"166","C073",0,"FB07",NA,"1996","no"
"167","C075",0,"FB07",NA,"2002","no"
"168","C076",0,"FB07",NA,"2005","no"
"169","C077",0,"FB07",NA,"2007","no"
"170","C091",0,"FB09",NA,"1994","no"
"171","C096",0,"FB09",NA,"2009","no"
"172","C114",1,"FB11","Male","2012","no"
"173","C173",0,"FB17","Male","1993","no"
"174","C254",0,"FB25","Male","1999","no"
"175","C255",0,"FB25","Male","2002","no"
"176","C258",0,"FB25","Male","2011","no"
"177","C259",0,"FB25",NA,"2014","no"
"178","C272",0,"FB27",NA,"1997","no"
"179","C273",0,"FB27",NA,"1999","no"
"180","C275",0,"FB27",NA,"2005","no"
"181","C276",0,"FB27",NA,"2008","no"
"182","C295",0,"FB29",NA,"1996","no"
"183","C296",0,"FB29",NA,"1998","no"
"184","C330",1,"FB33","Female","2013","no"
"185","C333",0,"FB33","Female","1992","no"
"186","C335",0,"FB33","Female","2000","no"
"187","C336",0,"FB33","Female","2001","no"
"188","C391",0,"FB39",NA,"1994","no"
"189","C546",0,"FB54",NA,"2004","no"
"190","C548",0,"FB54","Female","2012","no"
"191","C554",0,"FB55",NA,"2010","no"
"192","C555",0,"FB55","Male","2012","no"
"193","C574",0,"FB57",NA,"1996","no"
"194","C595",0,"FB59",NA,"1994","no"
"195","C596",1,"FB59","Probable Male","1998","no"
"196","C597",0,"FB59",NA,"2002","no"
"197","C652",1,"FB65",NA,"1994","no"
"198","C655",1,"FB65","Female","2011","no"
"199","C656",1,"FB65",NA,"2014","no"
"200","C717",0,"FB71","Male","1996","no"
"201","C754",0,"FB75","Female","1994","no"
"202","C755",0,"FB75",NA,"1996","no"
"203","C791",0,"FB79",NA,"1993","no"
"204","C793",0,"FB79",NA,"1999","no"
"205","C794",1,"FB79",NA,"2001","no"
"206","C795",1,"FB79",NA,"2004","no"
"207","C797",1,"FB79","Male","2010","no"
"208","C798",1,"FB79","Female","2012","no"
"209","C834",1,"FB83","Male","1992","no"
"210","C835",1,"FB83","Male","1998","no"
"211","C871",0,"FB87",NA,"1996","no"
"212","C872",0,"FB87","Male","2005","no"
"213","C873",0,"FB87",NA,"2007","no"
"214","C874",0,"FB87",NA,"2010","no"
"215","C911",1,"C991",NA,"2007","no"
"216","C912",0,"C991",NA,"2011","no"
"217","C931",0,"FB93","Male","1998","no"
"218","C932",0,"FB93",NA,"2000","no"
"219","C933",0,"FB93","Female","2004","no"
"220","C935",1,"FB93","Male","2009","no"
"221","C936",0,"FB93","Female","2012","no"
"222","C991",1,"FB99","Female","1994","no"
"223","CAES",0,NA,NA,NA,"no"
"224","CAM1",0,"CAMB","Probable Female",NA,"no"
"225","CATW",0,NA,"Probable Female",NA,"no"
"226","CBTA",0,NA,NA,NA,"no"
"227","CBTL",0,"BTLN",NA,NA,"no"
"228","CCL4",0,"F111",NA,"1994","no"
"229","CCL6",0,"F111",NA,"1999","no"
"230","CDRA",0,"DRAC",NA,"1992","no"
"231","CDS2",0,"DRSN",NA,"1999","no"
"232","CENT",0,NA,NA,NA,"no"
"233","CHAD",0,NA,"Female",NA,"no"
"234","CHK2",0,NA,"Probable Female",NA,"no"
"235","CHMA",0,NA,"Probable Female",NA,"no"
"236","CHOC",0,"TRIF",NA,NA,"no"
"237","CHSL",0,NA,"Male",NA,"no"
"238","CHTO",0,NA,NA,"1988","no"
"239","CIER",0,NA,NA,NA,"no"
"240","CKB2",0,"KNOB",NA,NA,"no"
"241","CL-4841",0,"LBHL",NA,NA,"no"
"242","CL-4987",0,NA,NA,NA,"no"
"243","CL-5034",0,NA,NA,NA,"no"
"244","CL-5063",0,NA,NA,NA,"no"
"245","CL-5091",0,NA,NA,NA,"no"
"246","CL-5178",0,NA,NA,NA,"no"
"247","CL-5192",0,NA,NA,NA,"no"
"248","CL-5224",0,NA,NA,NA,"no"
"249","CL-5225",0,NA,NA,NA,"no"
"250","CL-5464",0,NA,NA,NA,"no"
"251","CL-5469",0,NA,NA,NA,"no"
"252","CL-5471",0,NA,NA,NA,"no"
"253","CL-5472",0,NA,NA,NA,"no"
"254","CL-5473",0,NA,NA,NA,"no"
"255","CL-5474",0,NA,NA,NA,"no"
"256","CLA2",0,"CLAT","Male",NA,"no"
"257","CLAT",0,NA,"Probable Female",NA,"no"
"258","CLIF",0,NA,NA,NA,"no"
"259","CLJP",0,"VLKA",NA,NA,"no"
"260","CLUE",0,NA,NA,NA,"no"
"261","CMRS",0,"MRSL","Male",NA,"no"
"262","CONC",0,"CONS",NA,NA,"no"
"263","CONS",0,NA,"Probable Female",NA,"no"
"264","COST",0,NA,NA,NA,"no"
"265","CPS2",0,"PSDQ",NA,NA,"no"
"266","CRAG",0,NA,NA,NA,"no"
"267","CRKS",0,NA,NA,NA,"no"
"268","CRUM",0,NA,NA,NA,"no"
"269","CSH3",0,"SHTC",NA,"2000","no"
"270","CSPD",0,NA,NA,NA,"no"
"271","CTA3",0,"TAL3",NA,NA,"no"
"272","CTS2",0,"TSMV",NA,"1996","no"
"273","CTS3",0,"TSMV","Male","1999","no"
"274","CTS4",0,"TSMV",NA,"2008","no"
"275","CTS5",0,"TSMV",NA,"2014","no"
"276","CTSM",0,"TSMV","Probable Female","1989?","no"
"277","CTW1",0,"CATW",NA,NA,"no"
"278","CTW2",0,"CATW",NA,NA,"no"
"279","CTW3",0,"CATW",NA,NA,"no"
"280","CW32",0,"CWM3",NA,"2012","no"
"281","CW3C",0,"CWM3",NA,"2006","no"
"282","CWM3",0,"WTMA","Probable Female","1991","no"
"283","CWM4",0,"WTMA",NA,"1995","no"
"284","CYEL",0,"YELP",NA,NA,"no"
"285","DAB1",0,"DABL","Male","2010","no"
"286","DAB2",1,"DABL",NA,"2013","no"
"287","DABL",1,NA,"Female",NA,"no"
"288","DAD2",0,"DADA",NA,NA,"no"
"289","DADA",0,NA,"Probable Female",NA,"no"
"290","DADC",0,"DADA",NA,NA,"no"
"291","DAF1",0,"DAFT",NA,"2008","no"
"292","DAF2",0,"DAFT",NA,NA,"no"
"293","DAFT",0,NA,"Female",NA,"no"
"294","DAIN",0,"PLUG","Female",NA,"no"
"295","DBHN",0,NA,NA,NA,"no"
"296","DEDO",0,NA,"Probable Female",NA,"no"
"297","DIGT",0,NA,"Male",NA,"no"
"298","DIL1",0,"DILL",NA,NA,"no"
"299","DILL",0,NA,"Probable Female",NA,"no"
"300","DIPT",0,NA,"Male","1973","no"
"301","DMDI",0,NA,NA,NA,"no"
"302","DRAC",0,NA,"Probable Female",NA,"no"
"303","DRAY",0,NA,"Female",NA,"no"
"304","DRBY",0,NA,NA,NA,"no"
"305","DRM1",0,"DRMS",NA,NA,"no"
"306","DRMS",0,NA,"Probable Female",NA,"no"
"307","DRSN",1,NA,"Female",NA,"no"
"308","DTHB",0,NA,NA,NA,"no"
"309","DUDE",0,NA,"Probable Female",NA,"no"
"310","EAS1",0,"EASY",NA,"2008","no"
"311","EASY",0,NA,"Probable Female",NA,"no"
"312","EFHT",0,NA,NA,NA,"no"
"313","ELFF",1,NA,"Male",NA,"no"
"314","ELIP",0,NA,NA,NA,"no"
"315","EQDT",0,NA,NA,NA,"no"
"316","ETM2",0,"ETMA",NA,NA,"no"
"317","ETMA",0,NA,"Probable Female",NA,"no"
"318","ETSC",0,NA,NA,NA,"no"
"319","F100",0,"FB83","Male","1989","no"
"320","F101",1,"F153","Female","1990","no"
"321","F102",0,"F105","Male","1980","no"
"322","F104",0,NA,"Male","1982","no"
"323","F105",0,NA,"Female","1962","no"
"324","F106",1,"F191","Male","1981","no"
"325","F107",0,NA,"Female","1984","no"
"326","F108",1,NA,"Male","1978","no"
"327","F109",1,"FB79","Female","1995","no"
"328","F110",0,NA,"Male","1984","no"
"329","F111",0,NA,"Female","1968","no"
"330","F112",0,NA,"Male","1951","no"
"331","F113",0,"FB90","Female","1996","no"
"332","F114",0,NA,"Male","1988","no"
"333","F115",0,NA,"Female","1967","no"
"334","F116",0,NA,"Male","1961","no"
"335","F117",0,"FB25","Female","1993","no"
"336","F118",1,"FB54","Male","1992","no"
"337","F119",0,"FB37","Female","1991","no"
"338","F120",0,NA,"Male",NA,"no"
"339","F122",0,"FB90","Male","1991","no"
"340","F123",0,"FB15","Female","1998","no"
"341","F125",1,"F119","Female","1998","no"
"342","F126",0,"F129","Male","<1988","no"
"343","F127",0,"FB13","Female","1995","no"
"344","F128",1,"F153","Male","1992","no"
"345","F130",0,NA,"Male","1982","no"
"346","F131",0,"FB59","Female","1988","no"
"347","F132",0,NA,"Male","1983","no"
"348","F133",1,"FB90","Female","1999","no"
"349","F134",0,NA,"Male","1982","no"
"350","F135",1,"FB54","Female","2000","no"
"351","F136",0,NA,"Male","1981","no"
"352","F137",1,"F157","Female","2000","no"
"353","F138",1,"FB63","Male","1992","no"
"354","F139",0,"FB01","Female","2000","no"
"355","F141",0,NA,"Female","1990","no"
"356","F142",1,NA,"Male","1992","no"
"357","F144",0,"F111","Male","1995","no"
"358","F146",1,"FB11","Male","1996","no"
"359","F147",0,NA,"Female",NA,"no"
"360","F148",1,"FB54","Male","1996","no"
"361","F149",1,NA,"Female","1981","no"
"362","F150",0,"F153","Male","1985","no"
"363","F151",0,"F141","Female","2000","no"
"364","F152",0,"F163","Male","1996","no"
"365","F153",1,NA,"Female","1953","no"
"366","F154",0,NA,"Male","1963","no"
"367","F155",1,"FB05","Female","1990","yes"
"368","F156",1,NA,"Male","1970","no"
"369","F157",0,NA,"Female","<1988","no"
"370","F158",0,"F157","Male","1985","no"
"371","F159",1,"F131","Female","1996","no"
"372","F160",0,NA,"Male","1979","no"
"373","F161",0,NA,"Female",NA,"no"
"374","F162",1,NA,"Male","1981","no"
"375","F163",0,NA,"Female","1971","no"
"376","F164",1,"F161","Male","1989","no"
"377","F165",1,"FB75","Female","1999","no"
"378","F166",0,"F115","Male","1994","no"
"379","F167",0,NA,"Female","1989","no"
"380","F169",0,NA,"Female","1999","no"
"381","F171",1,"F167","Female","1998","no"
"382","F172",0,NA,"Male",NA,"no"
"383","F173",1,"FB33","Male","2002","no"
"384","F174",0,NA,"Male","1964","no"
"385","F175",1,"FB75","Female","1991","no"
"386","F176",1,NA,"Male","1993","no"
"387","F177",0,"FB09","Female","2002","no"
"388","F178",1,"FB09","Male","1995","no"
"389","F179",1,"FB11","Female","2002","no"
"390","F180",0,NA,"Male","1988","no"
"391","F181",0,NA,"Female","1975","no"
"392","F182",0,"F183","Male","1987","no"
"393","F183",0,NA,"Female","1972","no"
"394","F184",0,"F149","Male","1996","no"
"395","F185",0,NA,"Female",NA,"no"
"396","F186",0,"F157","Male","1996","no"
"397","F187",0,"F101","Female","2003","no"
"398","F188",1,"FB33","Male","1996","no"
"399","F189",0,NA,"Female",NA,"no"
"400","F190",1,"F181","Male","1996","no"
"401","F191",0,NA,"Female",NA,"no"
"402","F192",1,NA,"Male","1967","no"
"403","F193",1,NA,"Female","1984","no"
"404","F194",1,NA,"Male","1974","no"
"405","F195",0,NA,"Female","1969","no"
"406","F196",1,"F101","Male","1998","no"
"407","F197",1,"F155","Female","2003","no"
"408","F198",1,"FB25","Male","1996","no"
"409","F199",1,"WAND","Female","2002","no"
"410","F200",0,NA,"Male",NA,"no"
"411","F201",1,"F193","Female","2005","no"
"412","F202",1,NA,"Male","1981","no"
"413","F203",1,"F149","Female","2000","no"
"414","F205",1,"F155","Female","2006","no"
"415","F207",1,"F175","Female","2005","no"
"416","F209",1,"FB55","Female","2004","no"
"417","F210",0,NA,"Female",NA,"no"
"418","F211",1,"F127","Female","2005","no"
"419","F212",0,"FB03","Male","1999","no"
"420","F213",0,"FB55","Female","2007","no"
"421","F214",0,"FB09","Male","1999","no"
"422","F215",0,"FB99","Female","2000","no"
"423","F216",0,"F163","Male","1998","no"
"424","F217",0,"F141","Female","2007","no"
"425","F218",1,"FB55","Male","1999","no"
"426","F219",1,"49LA","Female","1995","no"
"427","F220",1,"FB07","Male","1999","no"
"428","F221",1,"FB25","Female","2009","no"
"429","F222",1,"F131","Male","1999","no"
"430","F223",0,"F225","Female","2001","no"
"431","F224",1,"FB27","Male","2002","no"
"432","F225",0,NA,"Female",NA,"no"
"433","F226",0,"F175","Male","2002","no"
"434","F227",1,"FB09","Female","2005","no"
"435","F228",1,"FB65","Male","1999","no"
"436","F229",0,"FB54","Female","2008","no"
"437","F230",0,"F181","Male","2002","no"
"438","F231",0,NA,"Female","1984","no"
"439","F232",1,"FB75","Male","2002","no"
"440","F233",1,"F159","Female","2010","no"
"441","F234",1,NA,"Male","1999","no"
"442","F235",1,"F137","Female","2010","no"
"443","F236",1,NA,"Male","1994","no"
"444","F237",0,NA,"Female","1982","no"
"445","F238",1,"F119","Male","2002","no"
"446","F239",0,"F237","Female","2010","no"
"447","F240",1,"F157","Male","2004","no"
"448","F241",1,"FB65","Female","2007","no"
"449","F242",1,NA,"Male","1990","no"
"450","F243",1,"F197","Female","2012","no"
"451","F244",0,"F113","Male","2004","no"
"452","F245",1,"F133","Female","2012","no"
"453","F246",1,"FB90","Male","2004","no"
"454","F247",1,"F175","Female","2012","no"
"455","F248",1,"SBDO","Male","1998","no"
"456","F249",0,"F185","Female","2011","no"
"457","F250",1,"FB11","Male","2005","no"
"458","F252",1,"FB93","Male","2006","no"
"459","F254",1,NA,"Male","1989","no"
"460","F256",1,"F125","Male","2007","no"
"461","F258",1,NA,"Male","1993","no"
"462","F260",0,"F231","Male","2008","no"
"463","F262",1,"FB25","Male","2006","no"
"464","F264",1,"F127","Male","2008","no"
"465","F266",1,"FB79","Male","2007","no"
"466","F268",0,NA,"Male","1993","no"
"467","F270",1,"FB90","Male","2009","no"
"468","F272",1,"F155","Male","2009","no"
"469","F274",1,"F113","Male","2010","no"
"470","F276",1,"FB35","Male","1992","no"
"471","F278",0,"FB07","Male","2010","no"
"472","F280",0,"F187","Male","2010","no"
"473","F282",0,"FB33","Male","2008","no"
"474","F284",1,"FB27","Male","2011","no"
"475","F301",1,NA,"Female",NA,"no"
"476","FANT",0,NA,"Male",NA,"no"
"477","FAST",0,NA,NA,NA,"no"
"478","FB01",0,"FB43","Female","1991","no"
"479","FB02",1,"FB59","Male","1991","no"
"480","FB03",1,"FB19","Female","1989","no"
"481","FB05",1,NA,"Female","1963","no"
"482","FB06",1,"FB71","Male","1984","no"
"483","FB07",1,"FB84","Female","1984","no"
"484","FB08",0,"FB45","Male","1983","no"
"485","FB09",1,"FB63","Female","1984","no"
"486","FB10",0,"FB63","Male","1981","no"
"487","FB11",1,"FB19","Female","1984","no"
"488","FB12",0,NA,"Male","1959","no"
"489","FB13",0,NA,"Female","1959","no"
"490","FB14",0,NA,"Male","1973","no"
"491","FB15",1,NA,"Female","1950","no"
"492","FB17",1,NA,"Female","1961","no"
"493","FB19",0,NA,"Female","1944","no"
"494","FB20",1,"F111","Male","1989","no"
"495","FB23",0,"FB15","Female","1989","no"
"496","FB24",0,"FB35","Male","1989","no"
"497","FB25",0,NA,"Female","1978","no"
"498","FB26",0,NA,"Male","1957","no"
"499","FB27",1,NA,"Female","1978","no"
"500","FB28",1,NA,"Male","1965","no"
"501","FB29",1,NA,"Female","1963","no"
"502","FB32",0,"FB05","Male","1980","no"
"503","FB33",1,"FB51","Female","1982","no"
"504","FB34",0,"FB73","Male","1975","no"
"505","FB35",1,NA,"Female","1956","no"
"506","FB36",0,NA,"Male","1972","no"
"507","FB38",1,NA,"Male","1974","no"
"508","FB39",0,NA,"Female","1980","no"
"509","FB41",1,NA,"Female","1959","no"
"510","FB43",1,NA,"Female","1966","no"
"511","FB44",1,NA,"Male","1973","no"
"512","FB46",0,NA,"Male","1978","no"
"513","FB48",0,NA,"Male","1959","no"
"514","FB51",1,NA,"Female","1941","no"
"515","FB53",1,"FB57","Female","1986","no"
"516","FB54",1,NA,"Female","1971","no"
"517","FB55",1,"FB05","Female","1986","no"
"518","FB57",1,NA,"Female","1952","no"
"519","FB58",0,NA,"Male","1964","no"
"520","FB59",0,"FB19","Female","1974","no"
"521","FB60",0,NA,"Male","1960","no"
"522","FB62",0,"FB63","Male","1973","no"
"523","FB63",1,NA,"Female","1954","no"
"524","FB65",1,"FB67","Female","1983","no"
"525","FB66",1,NA,"Male","1976","no"
"526","FB68",1,NA,"Male","1976","no"
"527","FB70",0,NA,"Male",NA,"no"
"528","FB71",1,NA,"Female","1961","no"
"529","FB73",0,NA,"Female",NA,"no"
"530","FB75",1,NA,"Female","1974","no"
"531","FB76",0,NA,"Male","1977","no"
"532","FB78",1,NA,"Male","1972","no"
"533","FB79",1,NA,"Female","1979","no"
"534","FB83",0,NA,"Female","1950","no"
"535","FB84",1,NA,"Female","1958","no"
"536","FB87",1,NA,"Female","1977","no"
"537","FB89",0,NA,"Female","1971","no"
"538","FB90",1,NA,"Female","1970","no"
"539","FB92",1,"FB84","Male","1988","yes"
"540","FB93",1,"FB35","Female","1985","no"
"541","FB94",0,NA,"Male","1970","no"
"542","FB96",1,NA,"Male","1958","no"
"543","FB98",1,NA,"Male","1953","no"
"544","FB99",0,NA,"Female","1987","no"
"545","FEAT",0,NA,"Probable Female",NA,"no"
"546","FINS",0,NA,NA,NA,"no"
"547","FIRE",0,"BTLE",NA,NA,"no"
"548","FJSL",0,NA,NA,NA,"no"
"549","FLBB",0,NA,NA,NA,"no"
"550","FLCR",0,NA,NA,NA,"no"
"551","FLDG",0,NA,NA,NA,"no"
"552","FLEA",0,NA,NA,NA,"no"
"553","FLTP",0,NA,"Female",NA,"no"
"554","FNIS",0,NA,NA,NA,"no"
"555","FRGG",0,NA,"Female",NA,"no"
"556","FRGI",0,NA,NA,NA,"no"
"557","FRN2",0,"FRNG",NA,NA,"no"
"558","FRN3",0,"FRNG",NA,NA,"no"
"559","FRNC",0,"FRNG",NA,NA,"no"
"560","FRNG",0,NA,"Female",NA,"no"
"561","FRNZ",0,NA,NA,NA,"no"
"562","FRPT",0,NA,NA,NA,"no"
"563","FTHS",0,NA,NA,NA,"no"
"564","FTLB",0,NA,NA,NA,"no"
"565","FUDD",0,NA,NA,NA,"no"
"566","FZJ1",0,"FZJS",NA,"2008","no"
"567","FZJ2",0,"FZJS",NA,NA,"no"
"568","FZJS",0,NA,"Probable Female",NA,"no"
"569","GLOS",0,NA,NA,NA,"no"
"570","GPHK",0,NA,NA,NA,"no"
"571","GPPY",0,NA,NA,NA,"no"
"572","GRC1",0,NA,NA,NA,"no"
"573","GRC2",0,NA,NA,NA,"no"
"574","GRGO",0,NA,"Male",NA,"no"
"575","GRPS",0,NA,NA,NA,"no"
"576","GRW1",0,"GRWW",NA,NA,"no"
"577","GRW2",0,"GRWW",NA,"2007","no"
"578","GRW3",0,"GRWW",NA,NA,"no"
"579","GRWW",0,NA,"Female",NA,"no"
"580","GSKN",0,NA,NA,NA,"no"
"581","GTFG",0,NA,NA,NA,"no"
"582","GWEN",0,NA,"Probable Female",NA,"no"
"583","GWNC",0,"GWEN",NA,NA,"no"
"584","HAAK",1,NA,NA,NA,"no"
"585","HAIR",0,NA,"Female",NA,"no"
"586","HAMM",0,NA,"Female",NA,"no"
"587","HAN2",0,NA,NA,"<2002","no"
"588","HANC",0,"HANG",NA,NA,"no"
"589","HANG",0,NA,"Probable Female",NA,"no"
"590","HAWC",0,"F237",NA,"1999","no"
"591","HBM1",0,NA,NA,"2001","no"
"592","HBM2",0,"HBMB","Male","2004?","no"
"593","HBM3",0,"HBMB",NA,"2009","no"
"594","HBM4",0,"HBMB",NA,NA,"no"
"595","HBMB",0,NA,"Probable Female",NA,"no"
"596","HBUT",0,NA,NA,NA,"no"
"597","HDMM",0,NA,NA,NA,"no"
"598","HDSK",0,NA,NA,NA,"no"
"599","HFFR",0,NA,NA,NA,"no"
"600","HFLT",0,NA,NA,NA,"no"
"601","HILB",0,NA,"Male",NA,"no"
"602","HIPC",0,"HIPM",NA,"<1995","no"
"603","HIPM",0,NA,"Probable Female",NA,"no"
"604","HIQQ",0,NA,"Male",NA,"no"
"605","HITS",0,NA,"Male",NA,"no"
"606","HLP3",0,"HAIR",NA,"2009","no"
"607","HLP4",0,"HAIR","Male","2010","no"
"608","HLPC",0,"HAIR",NA,"2000","no"
"609","HML2",0,"HMLT","Male",NA,"no"
"610","HMLC",0,"HMLT",NA,"<2006","no"
"611","HMLS",0,NA,NA,NA,"no"
"612","HMLT",0,"TSMV","Probable Female","<1989","no"
"613","HMMC",0,"HMMM",NA,"2005","no"
"614","HMMM",0,NA,"Female",NA,"no"
"615","HMTN",0,NA,NA,NA,"no"
"616","HNB2",0,"HNBT",NA,NA,"no"
"617","HNBC",0,"HNBT",NA,"1990","no"
"618","HNBT",0,NA,"Probable Female",NA,"no"
"619","HNSC",0,NA,NA,NA,"no"
"620","HOK1",0,"HOKA",NA,NA,"no"
"621","HOK2",0,"HOKA","Male",NA,"no"
"622","HOKA",0,NA,"Probable Female",NA,"no"
"623","HOOV",0,NA,NA,NA,"no"
"624","HOV2",0,"HOVA","Male","<2009","no"
"625","HOVA",0,NA,"Female",NA,"no"
"626","HOVC",0,"HOVA","Probable Male","2005","no"
"627","HOWL",0,NA,NA,NA,"no"
"628","HPLA",0,NA,"Probable Female",NA,"no"
"629","HRDM",0,NA,NA,NA,"no"
"630","HSMS",0,NA,"Probable Female",NA,"no"
"631","HSN2",0,"HSNS",NA,"<1997","no"
"632","HSN3",0,"HSNS",NA,"2008","no"
"633","HSN4",0,"HSNS",NA,"2012","no"
"634","HSNC",0,"HSNS",NA,"1989","no"
"635","HSNS",0,NA,"Probable Female",NA,"no"
"636","HUCK",0,NA,NA,NA,"no"
"637","HUEY",0,NA,NA,NA,"no"
"638","HVMS",0,NA,"Male",NA,"no"
"639","HWK2",0,"F237",NA,"2004","no"
"640","HWK3",1,"F237","Female","2007","no"
"641","IKN2",1,"IKNO","Male","1997","no"
"642","IKNC",0,"IKNO",NA,NA,"no"
"643","IKNO",0,NA,"Female","1981","no"
"644","J001",0,NA,"Male",NA,"no"
"645","J007",0,NA,NA,NA,"no"
"646","JADE",0,NA,NA,NA,"no"
"647","JAGG",0,NA,NA,NA,"no"
"648","JAGR",0,NA,"Male",NA,"no"
"649","JAMM",0,"PNTB",NA,NA,"no"
"650","JAWS",0,NA,NA,NA,"no"
"651","JBA2",0,"JBAK",NA,"<1996","no"
"652","JBAC",0,"JBAK",NA,"1991","no"
"653","JBAK",0,NA,"Female",NA,"no"
"654","JELY",0,NA,NA,NA,"no"
"655","JETY",1,"SCSM","Male","<1997","no"
"656","JGL1",0,"JGLD",NA,"2008","no"
"657","JGL2",0,"JGLD",NA,NA,"no"
"658","JGLD",0,NA,"Probable Female",NA,"no"
"659","JIG3",0,NA,"Male",NA,"no"
"660","JOJO",0,NA,NA,NA,"no"
"661","JOSC",1,"JOSE","Male","1997","no"
"662","JOSE",0,NA,"Female","1972","no"
"663","KMBT",0,NA,NA,NA,"no"
"664","KMSN",0,NA,NA,NA,"no"
"665","KNIK",0,NA,NA,NA,"no"
"666","KNNC",0,"KNNN",NA,NA,"no"
"667","KNNN",0,NA,"Probable Female",NA,"no"
"668","KNOB",0,NA,"Probable Female",NA,"no"
"669","KNOR",0,NA,NA,NA,"no"
"670","KNSY",0,NA,NA,NA,"no"
"671","KOKO",0,NA,"Probable Female",NA,"no"
"672","KRSN",1,NA,NA,NA,"no"
"673","L108",0,NA,NA,NA,"no"
"674","L160",0,NA,NA,NA,"no"
"675","LACH",0,NA,NA,NA,"no"
"676","LAT2",0,NA,NA,NA,"no"
"677","LB2N",0,NA,NA,NA,"no"
"678","LBHL",0,NA,NA,NA,"no"
"679","LBLD",0,NA,NA,NA,"no"
"680","LBLK",0,NA,"Male",NA,"no"
"681","LBLS",0,NA,"Probable Female",NA,"no"
"682","LBMA",0,NA,"Female",NA,"no"
"683","LBMN",1,NA,NA,NA,"no"
"684","LBSC",0,"LBLS",NA,NA,"no"
"685","LBSL",0,NA,NA,NA,"no"
"686","LBT1",0,"LBTY",NA,NA,"no"
"687","LBTY",0,NA,"Probable Female",NA,"no"
"688","LCDB",0,NA,NA,NA,"no"
"689","LCKC",0,"LCKL",NA,"1992?","no"
"690","LCKL",0,NA,"Probable Female",NA,"no"
"691","LDB1",0,"LDBP",NA,NA,"no"
"692","LDBP",0,NA,"Probable Female",NA,"no"
"693","LDM2",0,"LDMA",NA,NA,"no"
"694","LDM3",0,"LDMA","Female",NA,"no"
"695","LDMA",0,NA,"Probable Female",NA,"no"
"696","LDNK",0,NA,NA,NA,"no"
"697","LEMS",0,NA,NA,NA,"no"
"698","LEON",0,"M145",NA,"1997","no"
"699","LFLG",0,NA,"Male",NA,"no"
"700","LGSC",0,"MTMN",NA,NA,"no"
"701","LHLV",0,NA,NA,NA,"no"
"702","LINK",0,"ZEL2",NA,"2014","no"
"703","LITT",0,NA,NA,NA,"no"
"704","LIWB",0,NA,NA,NA,"no"
"705","LIZ1",0,"LIZD",NA,"2008","no"
"706","LIZD",0,"SHTC","Female",NA,"no"
"707","LLLN",0,NA,"Male",NA,"no"
"708","LNBT",0,NA,NA,NA,"no"
"709","LNC2",0,"LNPC",NA,"2011","no"
"710","LNC3",0,"LNPC",NA,"2014","no"
"711","LNCC",1,"LNPC","Probable Female","2006","no"
"712","LNL1",0,"LNLD",NA,"2011","no"
"713","LNLD",1,NA,"Female",NA,"no"
"714","LNPC",0,"LNPF","Female","<1997","no"
"715","LNPF",0,NA,"Probable Female",NA,"no"
"716","LNST",0,NA,NA,NA,"no"
"717","LOBE",0,NA,NA,NA,"no"
"718","LONE",0,NA,NA,NA,"no"
"719","LOT1",0,"LOTB",NA,"2000","no"
"720","LOT2",0,"LOTB",NA,"2005","no"
"721","LOT3",0,"LOTB",NA,NA,"no"
"722","LOT4",0,"LOTB",NA,NA,"no"
"723","LOTB",0,NA,"Probable Female",NA,"no"
"724","LRBD",0,NA,NA,NA,"no"
"725","LSL1",0,NA,NA,NA,"no"
"726","LSPL",0,NA,NA,NA,"no"
"727","LSPO",0,NA,"Male",NA,"no"
"728","LTET",0,NA,NA,NA,"no"
"729","LTS2",0,"LTSM",NA,NA,"no"
"730","LTSM",0,NA,"Probable Female",NA,"no"
"731","LUMP",0,NA,NA,NA,"no"
"732","LWHP",0,NA,NA,NA,"no"
"733","LWMN",0,NA,NA,NA,"no"
"734","LWP1",0,"LWPT","Female","2004","no"
"735","LWP2",0,"LWPT",NA,"2008","no"
"736","LWPT",0,NA,"Female",NA,"no"
"737","LYFN",0,NA,NA,NA,"no"
"738","LYLU",0,NA,NA,NA,"no"
"739","M145",1,NA,"Probable Female",NA,"no"
"740","M164",0,NA,NA,NA,"no"
"741","MAN1",0,"MANT",NA,NA,"no"
"742","MAN2",0,"MANT",NA,NA,"no"
"743","MAN3",0,"MANT",NA,NA,"no"
"744","MANT",0,NA,"Probable Female",NA,"no"
"745","MARX",0,NA,NA,NA,"no"
"746","MAUD",0,NA,NA,NA,"no"
"747","MBAB",0,NA,NA,NA,"no"
"748","MBOX",0,NA,NA,NA,"no"
"749","MCM2",0,"MCMA",NA,"1994","no"
"750","MCM3",0,"MCMA",NA,"1999","no"
"751","MCMA",0,NA,"Female",NA,"no"
"752","MDLB",0,NA,"Male",NA,"no"
"753","MDNK",0,NA,"Female",NA,"no"
"754","MDPK",0,NA,NA,NA,"no"
"755","MDSQ",0,NA,NA,NA,"no"
"756","MEAD",0,NA,"Female",NA,"no"
"757","MHBT",0,NA,NA,NA,"no"
"758","MIDF",0,NA,"Male",NA,"no"
"759","MIDM",0,NA,"Male",NA,"no"
"760","MJM2",0,"MJMA",NA,"1998","no"
"761","MLOB",0,NA,"Female",NA,"no"
"762","MLOC",0,"MLOB",NA,"<1995","no"
"763","MLTS",0,NA,NA,NA,"no"
"764","MLVN",1,NA,NA,NA,"no"
"765","MM62",0,NA,NA,NA,"no"
"766","MM68",0,NA,NA,NA,"no"
"767","MM72",0,NA,"Male",NA,"no"
"768","MNC2",0,"MNCB",NA,NA,"no"
"769","MNCB",0,NA,"Probable Female",NA,"no"
"770","MNIC",0,"MNIK",NA,"1998","no"
"771","MNIK",0,NA,"Probable Female",NA,"no"
"772","MOCH",1,NA,NA,NA,"no"
"773","MOLA",0,NA,"Probable Female",NA,"no"
"774","MOML",0,NA,NA,NA,"no"
"775","MOOY",0,NA,NA,NA,"no"
"776","MORB",0,NA,"Male",NA,"no"
"777","MORC",0,"MORN",NA,NA,"no"
"778","MORN",0,NA,"Female",NA,"no"
"779","MPTB",1,NA,"Male",NA,"no"
"780","MRMS",0,NA,NA,NA,"no"
"781","MRN2",0,"MORN",NA,NA,"no"
"782","MSLB",0,NA,"Female",NA,"no"
"783","MSQ2",0,NA,NA,NA,"no"
"784","MSQL",0,NA,NA,NA,"no"
"785","MSR2",0,NA,NA,NA,"no"
"786","MSUC",0,"MSUM",NA,"1991","no"
"787","MSUM",0,NA,"Probable Female",NA,"no"
"788","MTB1",0,"MTBG",NA,NA,"no"
"789","MTBG",0,NA,"Female",NA,"no"
"790","MTEL",0,NA,NA,NA,"no"
"791","MTHR",0,NA,NA,NA,"no"
"792","MTLR",0,NA,NA,NA,"no"
"793","MTMN",0,NA,"Probable Female",NA,"no"
"794","MTSS",0,NA,"Probable Female",NA,"no"
"795","MTWO",0,NA,"Male",NA,"no"
"796","MUBT",0,NA,NA,NA,"no"
"797","MVON",0,NA,"Male",NA,"no"
"798","MYST",0,NA,"Female",NA,"no"
"799","NACK",0,NA,"Male",NA,"no"
"800","NADW",0,NA,NA,NA,"no"
"801","NANA",0,"PNTB","Probable Male","2014","no"
"802","NHNK",0,NA,NA,NA,"no"
"803","NIB2",0,NA,"Probable Female",NA,"no"
"804","NIGT",0,NA,NA,NA,"no"
"805","NIK2",0,NA,NA,NA,"no"
"806","NIP2",0,"NIPN",NA,NA,"no"
"807","NIPP",0,NA,NA,NA,"no"
"808","NKAL",0,NA,NA,NA,"no"
"809","NKL2",0,"NKLN",NA,NA,"no"
"810","NKLD",0,NA,NA,NA,"no"
"811","NKLN",0,NA,"Female",NA,"no"
"812","NKNC",0,"NKNN",NA,"1998","no"
"813","NKNN",0,NA,"Probable Female",NA,"no"
"814","NKS1",0,"NKSH",NA,NA,"no"
"815","NKSH",0,NA,"Probable Female",NA,"no"
"816","NLPS",0,NA,NA,NA,"no"
"817","NOMS",0,NA,"Male",NA,"no"
"818","NPK1",0,"NPKR",NA,"2007","no"
"819","NPKR",0,"NPK1","Probable Female",NA,"no"
"820","OIEA",0,NA,NA,NA,"no"
"821","OINK",0,NA,NA,NA,"no"
"822","OPAL",0,NA,NA,NA,"no"
"823","OPTP",0,NA,NA,NA,"no"
"824","ORNG",0,NA,NA,NA,"no"
"825","OTH_1083",0,NA,NA,NA,"no"
"826","OTH_183",0,NA,NA,NA,"no"
"827","OTH_230",0,NA,NA,NA,"no"
"828","OTH_292",0,NA,NA,NA,"no"
"829","OTH_295",0,NA,NA,NA,"no"
"830","OTH_376",0,NA,NA,NA,"no"
"831","OTH_378",0,NA,NA,NA,"no"
"832","OTH_395",0,NA,NA,NA,"no"
"833","OTH_441",0,NA,NA,NA,"no"
"834","OTH_456",0,NA,NA,NA,"no"
"835","OTH_487",0,NA,NA,NA,"no"
"836","OTH_503",0,NA,NA,NA,"no"
"837","OTH_506",0,NA,NA,NA,"no"
"838","OTH_519",0,NA,NA,NA,"no"
"839","OTH_561",0,NA,NA,NA,"no"
"840","OTH_590",0,NA,NA,NA,"no"
"841","OTH_591",0,NA,NA,NA,"no"
"842","OTH_597",0,NA,NA,NA,"no"
"843","OTH_601",0,NA,NA,NA,"no"
"844","OTH_602",0,NA,NA,NA,"no"
"845","OTH_604",0,NA,NA,NA,"no"
"846","OTH_605",0,NA,NA,NA,"no"
"847","OTH_606",0,NA,NA,NA,"no"
"848","OTH_607",0,NA,NA,NA,"no"
"849","OTH_609",0,NA,NA,NA,"no"
"850","OTH_610",0,NA,NA,NA,"no"
"851","OTH_612",0,NA,NA,NA,"no"
"852","OTH_702",0,NA,NA,NA,"no"
"853","OTH_707",0,NA,NA,NA,"no"
"854","OTH_894",0,NA,NA,NA,"no"
"855","OTH_906",0,NA,NA,NA,"no"
"856","OTH_984",0,NA,NA,NA,"no"
"857","P3C1",0,"PSC3",NA,NA,"no"
"858","P3C2",0,"PSC3",NA,NA,"no"
"859","P3SP",1,NA,NA,NA,"no"
"860","PAL1",0,"F231",NA,NA,"no"
"861","PDFT",0,NA,NA,NA,"no"
"862","PECK",0,NA,NA,NA,"no"
"863","PHIL",0,NA,"Probable Female",NA,"no"
"864","PHIN",0,NA,"Female",NA,"no"
"865","PHL1",0,"PHIL",NA,"2004","no"
"866","PHL2",0,"PHIL","Female",NA,"no"
"867","PHNE",0,NA,NA,NA,"no"
"868","PIL1",0,"PILA",NA,"2004","no"
"869","PILA",0,NA,"Female",NA,"no"
"870","PINC",0,NA,NA,NA,"no"
"871","PITA",0,NA,NA,NA,"no"
"872","PLG2",0,"PLUG",NA,NA,"no"
"873","PLOB",0,NA,NA,NA,"no"
"874","PLUC",0,"PLUG",NA,NA,"no"
"875","PLUG",0,NA,"Probable Female",NA,"no"
"876","PMID",0,NA,NA,NA,"no"
"877","PMTI",0,NA,NA,NA,"no"
"878","PN04",0,NA,NA,NA,"no"
"879","PN05",0,NA,"Female",NA,"no"
"880","PNB2",0,"PNBT",NA,NA,"no"
"881","PNB3",0,"PNBT",NA,NA,"no"
"882","PNBC",0,"PNBT","Male","2006","no"
"883","PNBS",0,NA,"Male",NA,"no"
"884","PNBT",0,NA,"Probable Female",NA,"no"
"885","PNGS",0,NA,NA,NA,"no"
"886","PNKD",0,NA,NA,NA,"no"
"887","PNLB",0,NA,NA,NA,"no"
"888","PNTB",0,NA,"Female",NA,"no"
"889","POCO",0,NA,NA,NA,"no"
"890","POLC",0,"POLV",NA,NA,"no"
"891","POLV",0,NA,"Probable Female",NA,"no"
"892","POOF",0,NA,NA,NA,"no"
"893","PORT",0,NA,"Probable Female",NA,"no"
"894","PPS1",0,"PPSL",NA,NA,"no"
"895","PPSL",0,NA,"Probable Female",NA,"no"
"896","PRF2",0,"PRFR",NA,"2006?","no"
"897","PRF3",0,"PRFR",NA,NA,"no"
"898","PRF4",0,"PRFR",NA,NA,"no"
"899","PRFC",0,"PRFR",NA,"1995?","no"
"900","PRFR",0,NA,"Probable Female",NA,"no"
"901","PRN2",0,NA,"Female",NA,"no"
"902","PROF",0,NA,NA,NA,"no"
"903","PRST",0,NA,NA,NA,"no"
"904","PSB2",0,"PSBZ",NA,NA,"no"
"905","PSBZ",0,NA,"Probable Female",NA,"no"
"906","PSC3",0,"PSDQ","Probable Female",NA,"no"
"907","PSC4",0,"PSDQ",NA,"1999","no"
"908","PSC5",0,"PSDQ",NA,"2005","no"
"909","PSC6",0,"PSDQ",NA,"2009","no"
"910","PSC7",0,"PSDQ",NA,"2013","no"
"911","PSD2",0,"PSDZ",NA,"1991?","no"
"912","PSDC",0,"PSDZ",NA,"<1989","no"
"913","PSDQ",0,NA,"Probable Female",NA,"no"
"914","PSDZ",0,NA,"Probable Female",NA,"no"
"915","PUMP",0,NA,NA,NA,"no"
"916","Q5LA",0,NA,NA,NA,"no"
"917","QECD",0,"TSMV","Male","1999","no"
"918","QUIN",0,NA,"Probable Female",NA,"no"
"919","R27L",0,NA,NA,NA,"no"
"920","RAVC",0,"ATNA",NA,NA,"no"
"921","RCCR",0,"SBUK",NA,NA,"no"
"922","RCN2",0,"RCNM",NA,NA,"no"
"923","RCNM",0,NA,"Probable Female",NA,"no"
"924","RFIO",0,"FUHU",NA,NA,"no"
"925","RFNT",0,NA,"Probable Female",NA,"no"
"926","RLTY",0,NA,NA,NA,"no"
"927","RMPL",0,NA,NA,NA,"no"
"928","RMUS",0,NA,NA,NA,"no"
"929","ROOS",0,NA,NA,NA,"no"
"930","ROSS",0,NA,NA,NA,"no"
"931","RPIA",0,NA,NA,NA,"no"
"932","RPPL",0,"BRDO",NA,"1989","no"
"933","RSFG",0,NA,NA,NA,"no"
"934","RT90",0,NA,"Probable Female",NA,"no"
"935","RT92",0,"RT90",NA,NA,"no"
"936","RTM2",0,"RTMW",NA,"1997","no"
"937","RTM3",0,"RTMW","Probable Female","2004","no"
"938","RTM4",1,"RTMW",NA,"2009","no"
"939","RTM5",0,"RTMW",NA,"2012","no"
"940","RTMC",0,"RTMW",NA,NA,"no"
"941","RTMW",0,NA,"Female",NA,"no"
"942","RUBB",0,NA,NA,NA,"no"
"943","RUF2",0,NA,NA,NA,"no"
"944","RUFF",0,NA,NA,NA,"no"
"945","RY34",1,NA,"Male",NA,"no"
"946","RZLR",0,NA,NA,NA,"no"
"947","SBDO",0,NA,"Female",NA,"no"
"948","SBOK",0,NA,NA,NA,"no"
"949","SBPE",0,NA,NA,NA,"no"
"950","SBPN",0,NA,NA,NA,"no"
"951","SBUK",0,NA,"Probable Female",NA,"no"
"952","SCBT",0,NA,NA,NA,"no"
"953","SCNE",0,NA,NA,NA,"no"
"954","SCOR",0,NA,NA,NA,"no"
"955","SCS1",0,"SCSM","Probable Female","2005","no"
"956","SCS2",1,"SCSM","Probable Male","2007","no"
"957","SCSM",1,NA,"Female",NA,"no"
"958","SCTN",0,NA,"Probable Female",NA,"no"
"959","SCUP",0,NA,NA,NA,"no"
"960","SDSW",0,NA,NA,NA,"no"
"961","SEE1",0,"SETE",NA,NA,"no"
"962","SEWL",0,NA,NA,NA,"no"
"963","SGDM",0,NA,NA,NA,"no"
"964","SGL1",0,"SGLA",NA,NA,"no"
"965","SGLA",0,NA,"Probable Female",NA,"no"
"966","SGPP",0,NA,"Probable Female",NA,"no"
"967","SHBT",0,"DUDE",NA,"2004","no"
"968","SHNU",0,NA,NA,NA,"no"
"969","SHOT",0,NA,"Male",NA,"no"
"970","SHTC",0,NA,"Female",NA,"no"
"971","SIM1",0,"SIMP",NA,"2007","no"
"972","SIM2",0,"SIMP",NA,NA,"no"
"973","SIMP",0,NA,"Probable Female",NA,"no"
"974","SKYE",0,NA,NA,NA,"no"
"975","SLIT",0,NA,"Male",NA,"no"
"976","SLJ1",0,"SLJY",NA,NA,"no"
"977","SLJY",0,NA,NA,NA,"no"
"978","SLLA",0,NA,"Male",NA,"no"
"979","SLMS",0,NA,"Male",NA,"no"
"980","SMUS",0,NA,NA,NA,"no"
"981","SNOT",0,NA,NA,NA,"no"
"982","SOFA",0,NA,NA,NA,"no"
"983","SOGG",0,NA,"Male",NA,"no"
"984","SOLB",0,NA,"Male",NA,"no"
"985","SOLS",0,NA,NA,NA,"no"
"986","SOPO",0,NA,NA,NA,"no"
"987","SPAC",0,NA,"Probable Female",NA,"no"
"988","SPEC",0,NA,NA,NA,"no"
"989","SPIK",0,NA,NA,NA,"no"
"990","SPLA",0,NA,NA,NA,"no"
"991","SPRT",0,"CLAT",NA,NA,"no"
"992","SPTL",0,NA,NA,NA,"no"
"993","SQBT",0,NA,"Male",NA,"no"
"994","SRDO",0,NA,NA,NA,"no"
"995","SRFR",0,NA,NA,NA,"no"
"996","SSHK",0,NA,NA,NA,"no"
"997","STE1",0,"STEW",NA,"2007","no"
"998","STE2",0,"STEW",NA,NA,"no"
"999","STEW",0,NA,"Female",NA,"no"
"1000","STKY",0,NA,NA,NA,"no"
"1001","STLB",0,NA,NA,NA,"no"
"1002","STMN",0,NA,NA,NA,"no"
"1003","STWR",0,NA,NA,NA,"no"
"1004","SUFL",0,NA,"Male",NA,"no"
"1005","SUMO",0,NA,NA,NA,"no"
"1006","SURR",0,NA,NA,NA,"no"
"1007","TABB",0,"GITR",NA,NA,"no"
"1008","TAC2",0,"TAL2",NA,NA,"no"
"1009","TAL2",0,NA,"Probable Female",NA,"no"
"1010","TAL3",0,NA,"Probable Female",NA,"no"
"1011","TALC",0,"TAL2",NA,NA,"no"
"1012","TBBX",0,NA,NA,NA,"no"
"1013","TBEL",0,NA,NA,NA,"no"
"1014","TBTN",0,NA,"Male",NA,"no"
"1015","TCT1",0,"TCTV",NA,"2008","no"
"1016","TCTV",0,NA,"Female",NA,"no"
"1017","TDT2",0,"TDTL",NA,NA,"no"
"1018","TDTC",1,"TDTL","Probable Female","2006","no"
"1019","TDTL",0,NA,"Female",NA,"no"
"1020","TEEN",0,NA,NA,NA,"no"
"1021","TEKK",0,NA,"Probable Female",NA,"no"
"1022","TELE",0,"ULYS",NA,NA,"no"
"1023","TERM",0,NA,NA,NA,"no"
"1024","TFLG",0,NA,NA,NA,"no"
"1025","TFMS",0,NA,NA,NA,"no"
"1026","THAL",0,NA,NA,NA,"no"
"1027","THMN",0,NA,"Probable Female",NA,"no"
"1028","THNM",0,NA,NA,NA,"no"
"1029","THOC",0,"THOR",NA,"1995?","no"
"1030","THOR",0,NA,"Probable Female",NA,"no"
"1031","THRS",0,NA,NA,NA,"no"
"1032","THTH",0,NA,"Male",NA,"no"
"1033","THUB",0,NA,NA,NA,"no"
"1034","TIGR",0,NA,NA,NA,"no"
"1035","TKID",0,"MYST","Male",NA,"no"
"1036","TM32",0,"TTM3",NA,NA,"no"
"1037","TMHK",0,NA,NA,NA,"no"
"1038","TML1",0,"TMLT",NA,NA,"no"
"1039","TMLT",0,NA,"Probable Female",NA,"no"
"1040","TMSP",0,NA,"Male",NA,"no"
"1041","TNBP",1,NA,NA,NA,"no"
"1042","TNFG",0,NA,NA,NA,"no"
"1043","TNSC",0,NA,"Probable Female",NA,"no"
"1044","TNSL",0,NA,NA,NA,"no"
"1045","TONG",0,NA,NA,NA,"no"
"1046","TOT2",0,NA,NA,NA,"no"
"1047","TPOT",0,NA,NA,NA,"no"
"1048","TREX",0,NA,NA,NA,"no"
"1049","TRIC",0,"TRIF",NA,NA,"no"
"1050","TRIF",0,NA,"Probable Female",NA,"no"
"1051","TRIM",0,NA,"Probable Female",NA,"no"
"1052","TRLI",0,NA,"Male",NA,"no"
"1053","TRM1",0,"TRIM",NA,NA,"no"
"1054","TRNO",0,NA,"Probable Female",NA,"no"
"1055","TRTA",0,NA,"Probable Male",NA,"no"
"1056","TSMV",0,NA,"Probable Female",NA,"no"
"1057","TTA2",0,NA,NA,NA,"no"
"1058","TTM3",0,NA,"Female",NA,"no"
"1059","TTOO",0,NA,NA,NA,"no"
"1060","TUPE",0,NA,NA,NA,"no"
"1061","TWHN",0,NA,NA,NA,"no"
"1062","UFSK",0,NA,NA,NA,"no"
"1063","ULRU",0,NA,"Male",NA,"no"
"1064","ULTA",0,NA,NA,NA,"no"
"1065","ULY2",1,"ULYS",NA,"2006","no"
"1066","ULY3",0,"ULYS",NA,"2009","no"
"1067","ULY4",0,"ULYS",NA,NA,"no"
"1068","ULYS",0,NA,"Female",NA,"no"
"1069","UND1",0,"UNDG",NA,NA,"no"
"1070","UND2",0,"UNDG",NA,NA,"no"
"1071","UNDG",0,NA,"Probable Female",NA,"no"
"1072","UNLR",0,NA,NA,NA,"no"
"1073","UPBK",0,NA,NA,NA,"no"
"1074","URLN",0,NA,NA,NA,"no"
"1075","USLN",0,NA,NA,NA,"no"
"1076","VAIL",0,NA,NA,NA,"no"
"1077","VANB",0,NA,"Male",NA,"no"
"1078","VCRO",1,NA,"Male","1998","no"
"1079","VCUM",0,NA,NA,NA,"no"
"1080","VIVA",0,NA,NA,NA,"no"
"1081","VIZZ",0,NA,NA,NA,"no"
"1082","VLKA",0,NA,"Probable Female",NA,"no"
"1083","VNGL",0,NA,NA,NA,"no"
"1084","VOLD",0,NA,NA,NA,"no"
"1085","VRIP",0,NA,NA,NA,"no"
"1086","VRLA",0,NA,NA,NA,"no"
"1087","VST2",0,"VSTH",NA,NA,"no"
"1088","VSTC",0,"VSTH","Male","2006","no"
"1089","VSTH",0,NA,"Probable Female",NA,"no"
"1090","VTHN",0,NA,NA,NA,"no"
"1091","WALT",0,NA,NA,NA,"no"
"1092","WAN1",0,"WAND",NA,NA,"no"
"1093","WAND",0,NA,"Female",NA,"no"
"1094","WEBS",0,NA,NA,NA,"no"
"1095","WEEZ",0,"PRFR",NA,"<2002","no"
"1096","WEN1",0,"WENT",NA,"2013","no"
"1097","WENT",0,NA,"Female",NA,"no"
"1098","WHAT",0,NA,NA,NA,"no"
"1099","WHIT",0,NA,NA,NA,"no"
"1100","WHMR",0,NA,NA,NA,"no"
"1101","WHOO",0,NA,"Male",NA,"no"
"1102","WHTS",0,NA,NA,NA,"no"
"1103","WHYY",0,NA,NA,NA,"no"
"1104","WIFF",0,NA,"Male",NA,"no"
"1105","WILL",0,NA,"Male",NA,"no"
"1106","WIN1",1,"WINN",NA,NA,"no"
"1107","WINE",0,NA,NA,NA,"no"
"1108","WINN",1,NA,"Probable Female",NA,"no"
"1109","WINS",0,NA,NA,NA,"no"
"1110","WLDC",0,NA,"Probable Female",NA,"no"
"1111","WLET",1,NA,"Male",NA,"no"
"1112","WLFL",0,NA,NA,NA,"no"
"1113","WORM",0,NA,NA,NA,"no"
"1114","WRTH",0,NA,NA,NA,"no"
"1115","WTAB",0,NA,NA,NA,"no"
"1116","WTKN",0,NA,NA,NA,"no"
"1117","WTMA",0,NA,"Probable Female",NA,"no"
"1118","WTMS",0,NA,NA,NA,"no"
"1119","WVLT",0,NA,NA,NA,"no"
"1120","WWJD",0,"HAIR",NA,"2004","no"
"1121","XERX",0,NA,NA,NA,"no"
"1122","XYLO",0,NA,NA,NA,"no"
"1123","YANK",1,NA,"Male",NA,"no"
"1124","YELP",0,NA,"Probable Female",NA,"no"
"1125","YIKE",0,NA,NA,NA,"no"
"1126","YOKE",1,"OXEN",NA,NA,"no"
"1127","ZBRA",0,NA,NA,NA,"no"
"1128","ZEDC",0,"ZEDM",NA,NA,"no"
"1129","ZEL1",0,"ZELD",NA,"2000","no"
"1130","ZEL2",0,"ZELD","Probable Female","< 2005","no"
"1131","ZEL3",0,"ZELD",NA,NA,"no"
"1132","ZEL4",0,"ZELD",NA,NA,"no"
"1133","ZELD",0,NA,"Probable Female",NA,"no"
"1134","ZENN",0,NA,NA,NA,"no"
"1135","ZIPP",0,NA,"Probable Female",NA,"no"
"1136","ZONA",0,"PHIN",NA,"< 2002","no"
"1137","ZOOK",0,NA,NA,NA,"no"
"1138","ZPP1",0,"ZIPP",NA,"2008","no"
"1139","ZRB2",0,"ZRBA",NA,"2007","no"
"1140","ZRBA",0,NA,"Female",NA,"no"
"1141","ZRBC",0,"ZRBA","Male","1999","no"
"1142","ZULU",0,NA,NA,NA,"no"
